-1.6209,-2.4993,-4.062,-2.8124,-3.0561,-3.914,-3.6845,-2.4779,-2.0829,-5.0487,-3.8866,-2.1776,-3.1937,-3.2186,-3.5061,-2.6634,-2.8994,-2.9083,-4.4151,-1.498,-3.076,-2.4751,-3.2396,-2.1289,-1.9119,-2.3373,-3.7418,-3.8427,-3.3708,-0.6339,-2.5477,-2.1478,-2.9538,-3.6149,-4.0498,-3.4725,-3.2563,-2.0317,-1.7436,-1.536,-2.3824,-2.3693,-2.7527,-2.2368,-3.3121,-2.2816,-4.2961,-2.2186,-2.2394,-1.5889,-1.903,-2.8439,-2.7268,-2.3028,-2.6031,-2.3252,-4.4128,-2.6776,-3.5528,-2.5841,-2.7727,-1.9911,-3.3259,-1.3608,-2.7079,-1.7908,-2.1352,-3.0142,-3.3598,-1.3331,-1.6891,-2.8081,-3.9749,-2.6869,-2.7722,-3.1906,-2.0113,-1.7686,-5.2519,-1.2387,-2.4048,-1.7226,-3.0089,-3.3759,-3.0011,-3.7076,-1.0193,-2.4941,-2.3541,-3.7588,-5.2102,-1.1757,-2.0326,-1.7598,-2.3152,-2.1592,-0.89229,-6.7477,-3.7129,-3.834,-2.8031,-1.9552,-2.6452,-11,-3.1439,-2.65,-3.7915,-3.0778,-2.7505,-4.4748,-4.0302,-4.861,-3.2236,-3.8002,-2.417,-4.5479,-1.9089,-1.2405,-1.5719,-11,-4.2579,-3.2652,-2.2677,-1.8218,-2.8777,-2.5738,-2.6906,-3.1605,-2.9098,-1.3406,-2.7483,-2.3285,-5.9766,-4.6654,-1.7187,-2.0973,-3.3141,-2.4872,-1.4456,-2.4355,-1.8865,-1.4881,-3.5372,-1.4298,-1.3737,-3.3049,-2.2619,-3.1107,-2.302,-1.9599,-3.0698,-2.3798,-2.499,-2.4464,-3.0054,-2.1008,-3.0935,-2.4816,-1.1728,-2.3823,-1.3143,-4.1658,-3.8563,-1.8437,-5.2109,-3.0509,-2.5729,-2.7098,-4.4744,-1.5749,-2.3288,-2.846,-1.2831,-4.8004,-3.2385,-3.0682,-2.9846,-2.6051,-5.0692,-4.5905,-3.6303,-4.3081,-2.3977,-4.7301,-3.2806,-1.7568,-3.2072,-2.6468,-1.9805,-4.3049,-2.5227,-3.0278,-2.8954,-2.5997,-2.6348,-3.7366,-2.3158,-5.0895,-2.671,-3.5696,-11,-2.4798,-2.9516,-4.0442,-4.3065,-2.8223,-2.6014,-1.4931,-2.6325,-2.6543,-2.879,-2.603,-5.3876,-1.2563,-1.6216,-11,-3.4632,-1.9073,-1.8017,-2.2801,-1.9054,-1.8436,-1.5097,-3.5258,-4.0277
-11,-11,-3.9764,-11,-11,-11,-11,-11,-11,-11,-11,-11,-11,-11,-11,-11,-11,-11,-11,-11,-11,-11,-11,-11,-11,-11,-11,-11,-11,-11,-11,-11,-11,-11,-11,-11,-11,-11,-11,-11,-11,-11,-11,-11,-11,-11,-11,-11,-11,-11,-11,-11,-11,-11,-11,-11,-11,-11,-11,-11,-11,-11,-11,-11,-11,-11,-11,-11,-11,-11,-11,-11,-11,-11,-11,-11,-11,-11,-11,-11,-11,-11,-11,-11,-11,-11,-11,-11,-11,-11,-11,-11,-11,-11,-11,-11,-11,-11,-11,-11,-11,-11,-11,-11,-11,-11,-11,-11,-11,-11,-11,-11,-11,-11,-11,-11,-11,-11,-11,-11,-11,-11,-11,-11,-11,-11,-11,-11,-11,-11,-11,-11,-11,-11,-11,-11,-11,-11,-11,-11,-11,-11,-4.1806,-11,-11,-11,-11,-11,-11,-11,-11,-11,-11,-11,-3.6972,-11,-11,-11,-11,-11,-11,-11,-11,-11,-11,-11,-11,-11,-11,-11,-11,-11,-11,-11,-11,-11,-11,-11,-11,-11,-11,-11,-11,-11,-11,-11,-11,-11,-11,-11,-11,-11,-11,-11,-11,-11,-11,-11,-11,-11,-11,-11,-11,-4.08,-11,-11,-11,-11,-11,-11,-11,-11,-11,-11,-11,-11,-11,-11,-11,-11,-11,-11,-11,-11,-11
3.4169,4.3683,3.7579,4.4347,1.2148,4.3448,4.0177,4.1374,4.4344,3.9351,4.5739,4.2153,3.5945,4.6376,3.6916,3.0252,2.6104,4.4065,3.8539,3.8863,2.8374,3.8664,3.8115,3.0266,4.6085,3.0679,3.9713,2.7864,1.5589,3.9896,3.5061,4.2061,2.585,2.6993,4.6659,3.4762,2.5217,3.2314,2.3411,4.4243,3.5687,5.4338,4.8761,5.1428,4.7008,4.9009,3.831,4.0351,5.0379,3.1602,4.5777,4.847,4.383,5.0944,5.3082,4.9018,4.2363,2.9111,4.7792,4.1934,3.7721,4.4959,4.6545,5.123,2.3987,4.2737,4.5693,5.1241,4.4874,4.6445,4.4431,4.5752,4.6538,5.0337,4.7819,5.032,5.0981,2.9629,4.3495,4.6274,5.2479,5.3558,4.9202,4.9089,5.9574,3.4691,4.8361,4.1452,4.8425,5.3633,4.1128,5.5186,3.3891,4.6855,4.5948,5.1103,5.1841,4.4679,2.7683,1.0381,4.283,5.4573,4.568,5.3785,5.7381,5.1077,4.3379,4.5833,4.9171,4.797,4.9051,4.9455,4.5552,4.2264,4.7579,4.5133,4.8733,4.3061,4.9332,4.4264,5.5443,4.8969,5.2495,4.8809,-11,3.7212,5.0721,3.8596,4.6098,5.2626,5.0792,4.2048,4.7627,5.1603,5.736,3.8052,4.8752,4.8236,4.3672,4.8899,4.6961,5.2201,4.362,5.6271,4.8802,5.2269,5.3329,4.2939,0.94985,4.9324,4.7803,2.8517,4.9728,4.0103,4.8879,4.3168,4.6734,4.095,5.1329,4.9326,5.4791,5.3216,5.0519,5.1852,5.3682,5.0363,5.1279,1.9569,4.5602,5.0586,5.212,5.7066,5.2615,5.9487,5.9403,5.9968,4.3606,5.199,4.9877,5.0285,4.3802,4.4028,4.0774,4.1299,4.5513,4.3373,4.7884,4.8211,4.7741,5.2816,5.0364,4.7342,4.2591,4.8415,4.9258,4.721,4.2602,3.3851,3.1844,4.0207,4.1239,4.6606,4.0534,0.78073,4.4099,3.6077,4.9024,5.0073,3.5882,3.5427,4.2696,2.7773,3.4517,4.691,4.5496,3.9915,3.7236,3.3114,3.7721,4.6117,4.5813,4.6038,4.7289,4.9002,3.7227
-0.45044,0.64437,0.18353,-0.47036,-0.63357,0.59864,0.26897,-0.35016,0.69402,-0.0076875,-0.61863,1.2145,-2.0209,-0.73065,0.046214,-0.17377,0.3399,1.0408,-1.0516,0.95736,-0.70676,0.15109,-0.64075,0.80852,-0.93921,0.31456,0.05105,0.12672,0.47338,0.31652,-0.27163,0.34617,0.65447,-0.4314,-1.2416,-0.49948,-0.16842,-0.087458,0.54639,0.2296,-1.1412,0.19237,0.093398,0.021307,0.083154,1.1612,0.40632,0.20572,-0.30787,1.5834,0.87608,0.60035,-0.28953,0.54296,0.19018,-0.0082337,-0.47205,1.1955,0.65087,1.3527,-0.31179,0.52323,1.197,2.1278,0.86597,1.2049,0.43281,0.42968,-0.83946,0.88934,0.40423,-0.55185,0.99575,0.65769,0.13564,0.080126,0.41453,0.62947,0.13788,1.3456,0.79475,0.082139,1.2279,-2.5258,-0.71276,0.87775,1.0365,0.25039,1.6447,1.0222,0.5505,0.316,0.23582,0.058045,1.1419,1.121,1.6922,0.6927,0.62686,0.87004,0.88625,0.72798,-0.82791,0.2932,0.52903,0.50881,0.21653,1.5122,-0.15521,0.9726,0.52148,0.2898,-0.28176,-1.0059,0.12384,-0.44233,0.87534,2.079,2.5601,0.53972,0.45411,0.87672,0.58671,0.95081,0.36396,1.229,0.4633,0.14466,0.2778,0.92056,1.3746,0.4449,0.59343,1.0226,1.3635,1.9022,1.3333,0.92028,0.89073,-0.19965,-0.44227,1.1375,0.32322,1.6254,1.1759,0.28019,-0.36869,0.14715,1.0279,0.16679,0.048852,0.6553,-0.10353,0.54117,0.17601,0.43691,0.90664,1.0287,0.94113,0.57541,1.1442,0.24939,-0.35121,-0.79349,0.49214,-0.025588,0.99323,0.98847,-0.30732,1.2803,0.097046,0.69249,0.18971,-0.16982,-0.028909,-0.054976,0.066174,-0.15717,-0.022751,-0.42416,0.25049,0.64624,-0.41669,-0.18219,1.0584,-0.28237,0.15073,-0.78535,-0.011781,-0.12061,-1.0648,0.2253,0.013833,-0.62999,0.095928,-0.87287,1.4497,-0.4386,0.3217,-0.58218,1.1437,-0.33652,-0.096842,-0.64618,0.65817,0.27875,0.61491,0.84178,0.30054,0.41556,-0.15827,0.83711,-0.16737,0.71769,0.85965,-0.56708,0.19053,0.99271,1.426,0.00024297,1.1272,-0.047703,1.1244,0.52806,1.0995
-1.8142,-3.4797,-1.1997,-1.8821,-2.5914,-2.6332,-4.276,-2.5409,-1.4679,-1.5152,-3.5354,-0.38747,-4.4909,-1.0265,-1.7336,-1.9827,-2.1625,-1.4253,-1.8809,-0.9946,-1.8256,-1.8069,-1.8978,-0.43841,-1.196,-2.7539,-1.8167,-2.3637,-1.4945,-2.1932,-1.1227,-0.18869,-3.2301,-3.3285,-0.37276,-2.2013,-3.206,-1.4299,-1.6413,-0.75976,-1.4016,-1.91,-1.2819,-2.2632,-1.2621,-0.7541,-1.2819,-1.4906,-2.0882,-1.6658,-1.0301,-0.84992,-1.5942,-0.77176,-1.5898,-2.6711,-3.2668,-0.83827,-0.16214,-0.18882,-1.9867,-0.14059,-0.8868,-0.86353,-2.789,-0.073945,-0.98623,-1.3029,-0.79933,-1.1205,-1.3007,-2.9892,-1.3163,-0.51382,-1.8131,-0.70251,-1.28,-1.9426,-1.3776,-0.17708,-0.91592,-1.4186,-0.67793,-3.0166,-0.92006,-1.8957,-1.4768,-3.301,-0.68198,-0.11233,-0.60277,-1.2751,-2.3818,-1.551,-1.9978,-1.0185,-1.404,-2.8912,-3.6223,-3.6528,-2.7895,-2.4465,-1.3068,-0.90235,-1.9437,-1.2731,-0.6572,-0.4224,-0.6275,-1.5652,-1.0075,-1.249,-2.2466,-1.6009,-2.7166,-0.41638,-1.0822,-0.45753,-1.2785,-2.108,-1.9006,-0.45004,0.18055,-1.5132,-2.5902,-1.326,-2.2148,0.52811,-1.3162,-0.68204,-1.2518,-0.94009,-0.61923,-2.401,-1.4245,-1.975,-0.31855,-1.0744,-0.70062,-1.9355,-1.6832,-2.0775,-1.2525,0.04072,-2.3743,-1.6257,-1.1341,-2.7005,-2.5321,-1.4872,-1.4083,-1.5422,-1.6572,-0.87512,-1.8154,-1.9855,-2.2249,-2.5807,-1.1133,-0.90351,-1.6207,-0.7205,-3.248,-1.0191,-1.3593,-2.0804,-1.8417,-2.4432,-3.4658,-1.4626,-2.3239,-0.52911,-1.4366,-0.94924,-4.2249,-1.4265,-1.1751,-3.1753,-2.1731,-1.4909,-1.3711,-1.4249,-3.275,-1.7103,-1.0783,-1.8823,-4.6906,-2.0739,-0.98485,-1.6619,-1.4061,-0.90785,-2.9555,-3.1524,-1.5251,-0.8958,-3.1102,-2.7206,-2.0512,-1.586,-2.0122,-2.1731,-1.9186,-1.2813,-0.29992,-2.0347,-1.2093,-0.41523,-3.2685,-1.673,-0.91958,-2.3045,-0.92565,-2.9348,-0.53966,-1.8661,-1.059,-3.2927,-1.1295,-1.3705,-1.6405,-0.78161,-0.58983,-1.8282,-2.8242
-1.0526,-2.3261,-1.8777,-1.1832,-2.8009,-0.93274,-0.27308,-1.3559,-0.7074,-0.80964,-0.59966,-0.25053,-1.1807,-0.90232,-0.41284,-1.0589,-0.63373,-0.84914,-0.54508,-1.0814,-0.84759,-0.63194,-1.0603,-0.26925,-0.76084,-2.7309,-0.94913,-3.6974,-1.6323,-0.93457,-1.2143,-0.61111,-2.6306,-0.93062,0.13251,-0.33746,-1.2828,-1.5422,-1.5825,-0.7262,-1.2495,-0.56051,-0.60721,-1.5163,-1.6205,-0.79298,-0.4007,-1.1729,-0.42697,-1.1972,-1.0112,-0.32944,-0.5806,-0.37618,-0.26593,-1.3183,-1.7051,-0.23645,-0.94754,0.17571,-0.70358,-0.49817,-0.69739,-0.015756,-1.5302,-0.67135,-1.2756,-0.36238,-0.20119,-1.5424,-0.68524,-0.85039,0.10715,-0.57919,-1.1415,-1.1214,-1.096,-0.94257,-1.1019,-1.1862,0.084027,-0.27565,-0.20819,-2.2796,-0.3199,-1.1859,-1.0497,-0.85739,-0.44151,-0.41034,-1.2694,-1.0648,-1.8572,-0.89648,-1.1776,-0.32104,-0.55161,-1.1655,-1.3991,-0.68677,-0.68938,-0.054852,-0.58145,0.55163,-0.80883,-0.87106,-1.0744,-0.92459,-1.4285,-1.5622,-0.52041,-0.91009,-2.0103,-2.1928,-1.755,-1.1197,-0.69826,-1.283,-0.27464,-1.421,-1.2404,-0.93627,-0.45342,-0.72278,-1.3596,-0.7228,-1.1412,-1.4046,-1.161,-1.0329,0.18306,-1.4219,-0.86754,-0.86154,-0.47579,-0.80305,-0.92285,-0.84638,-0.92404,-1.699,-0.67079,-0.89152,-0.20873,-0.058437,-0.70143,-1.1489,-0.95709,-0.12197,-0.81665,-0.90375,-0.86271,-1.5736,-1.4693,-0.31118,-0.44385,-1.3802,-1.244,-0.94057,-0.62933,-0.80512,-0.21269,0.11891,-0.69872,-0.3495,-0.96784,-1.2135,-0.75372,-2.263,-1.3887,-0.78055,-1.3827,-0.93082,-1.8634,0.12562,0.14147,0.30998,-1.0197,-1.1099,-0.86167,-0.74042,-0.57945,-0.44846,-0.71839,-1.0033,-1.678,-0.92562,-0.64082,-0.51377,-1.055,-0.73753,-0.73675,-0.063216,-1.0558,-0.42442,-0.15716,-0.3556,-0.60905,-1.0559,-2.7874,-1.4283,-0.25846,-0.7408,-0.45568,0.017968,-1.1976,-0.59298,-0.53951,-0.44605,-1.9849,-1.525,-1.8807,-0.74764,-1.4228,-0.7648,-0.89484,-0.28836,-1.4648,-1.4857,-0.91209,-1.1721,-0.50412,-0.53959,-0.13435,-0.55737,-1.1191
2.0345,0.83296,2.559,2.4439,1.1091,2.7095,1.6467,1.0579,3.3695,1.1666,1.887,2.3852,1.6061,2.2334,1.9767,0.99915,1.2947,2.2376,1.7554,1.776,2.1334,1.0768,1.5336,2.3382,1.0497,0.45006,1.921,0.62403,1.4262,2.4698,1.5369,1.6686,1.2294,0.77136,0.58235,1.8652,0.41421,1.8591,1.3906,0.90096,1.4449,1.2638,2.1876,2.386,2.1769,1.5009,-0.077773,-0.081667,2.0212,2.0398,2.4789,1.352,1.4578,2.1019,2.1133,1.4367,0.024964,1.4617,1.6213,0.69096,0.97905,2.1578,2.4538,1.7129,0.65792,2.5822,2.3519,0.92061,1.329,0.9569,1.2866,2.0145,2.5962,1.6082,0.98555,1.1454,2.7349,0.19172,0.75478,2.314,2.8607,0.9698,1.5776,0.9905,2.8112,0.99986,1.7847,1.7638,2.2717,2.7733,1.9172,2.6188,1.1416,1.9396,1.6645,1.1577,1.1966,1.6971,1.2144,1.498,2.0068,2.0884,2.0966,3.1649,1.4648,1.2897,1.9387,2.8335,1.993,1.6342,1.6948,1.5522,0.58156,1.3755,1.3553,-0.11814,1.4602,2.0424,2.0586,1.9016,2.1963,1.5269,2.3769,2.2469,0.96433,0.79519,1.5884,2.7776,2.0082,3.0822,1.9767,1.4248,2.6833,2.0568,2.6329,2.8951,1.5475,2.0912,2.511,1.7695,0.39508,2.2588,2.3929,3.18,0.043555,2.0449,2.035,1.2179,3.3387,2.2366,1.8951,2.4052,2.5194,1.5481,1.5853,0.95389,1.4755,1.5566,1.5287,2.2548,2.3666,1.9932,1.9518,2.4677,2.4903,1.3813,1.6235,1.9486,0.96381,1.631,1.5242,1.2953,2.0631,2.7296,3.2239,3.5049,1.1483,2.0967,1.5884,1.7848,2.254,1.5663,0.84805,1.738,1.9557,2.5306,1.5413,1.6407,2.0305,2.5538,1.5775,1.7855,1.1743,0.23419,1.5698,2.7377,3.0169,2.0978,1.2725,1.6417,2.9137,0.70914,1.9357,2.2056,2.9849,1.5984,2.6056,2.2018,2.1324,1.0528,0.58902,1.9073,1.5888,2.1867,2.7849,2.2918,2.1818,1.5293,1.9771,2.4132,2.5066,2.7387,1.8522,1.7606,2.2616
-4.7015,-3.6177,-2.0515,-0.74604,0.58487,-3.4189,-2.9662,-4.962,-2.4908,-1.6155,-11,-1.7914,-1.9379,-3.6888,-0.061055,-1.8152,-1.6526,-1.2611,-0.80917,-1.4985,-3.7395,-0.81695,-1.8922,-2.4836,-3.653,-2.9945,-5.0333,-0.64754,0.18174,-1.2659,-1.5393,-4.1177,-1.779,-0.92231,-6.0093,-3.51,-1.6694,0.97818,0.60458,-1.9712,-1.9203,-3.8018,-2.2237,-3.9539,-4.4412,-4.3496,-3.5476,-1.8856,-11,-11,-11,-11,-5.4285,-11,-11,-4.773,-3.5235,-1.3957,-2.726,-1.0163,-4.7675,-11,-3.1223,-2.5786,-1.674,-5.3067,-4.6405,-11,-3.6088,-4.7264,-5.6602,-11,-11,-2.6333,-11,-3.1117,-11,-2.4334,-4.1774,-1.5125,-4.6573,-2.6279,-4.4377,-2.4251,-3.7092,-0.10898,-1.0678,-11,-11,-6.8938,-3.4096,-11,-2.5638,-11,-3.0468,-4.4464,-5.043,-11,-1.3057,-0.79506,-4.1685,-4.1719,-11,-11,-4.1752,-6.4582,-3.3291,-2.3597,-11,-11,-11,-4.2137,-4.2732,-4.8866,-3.699,-1.8938,-11,-1.0054,-11,-4.7455,-11,-3.614,-1.723,-4.6817,-11,-5.4131,-4.5798,-3.1355,-11,-4.2028,-2.8732,-4.4095,-11,-3.3411,-3.0166,-2.5412,-3.4201,-11,-3.5162,-3.5477,-2.8195,-3.856,-11,-2.2117,-3.2609,-11,-11,-2.7642,-2.311,-11,-11,-2.5694,-11,-2.8864,-11,-3.4905,-2.8574,-4.5132,-2.9642,-11,-11,-3.9066,-11,-11,-11,-11,-11,-3.5785,-0.7796,-11,-11,-11,-2.485,-11,-11,-11,-2.6586,-4.1947,-11,-11,-3.3273,-2.651,-11,-3.6269,-4.39,-2.9891,-3.8661,-3.3707,-11,-11,-5.5967,-11,-4.8338,-11,-11,-3.1308,-1.332,-3.0933,-1.5763,-11,-11,-4.799,-4.0179,-2.7667,-11,-2.2688,-4.512,-4.3631,-2.1233,-6.795,-4.9451,-1.1286,-11,-11,-2.8373,-11,-0.90065,-0.30269,-0.7146,-11,-3.4616,-2.8024,-2.4689,-4.5605,-11
-2.1728,-1.5767,-3.4346,-2.4872,-1.9485,-2.1767,-3.3435,-1.4109,-2.0584,-2.364,-2.295,-2.7777,-2.3465,-3.0654,-1.9104,-2.3883,-3.4089,-1.9497,-1.9544,-2.9059,-3.056,-1.3138,-2.6192,-2.3934,-1.9666,-3.0603,-1.8875,-1.1371,-2.0299,-2.3038,-2.4268,-1.7752,-1.8068,-2.4784,-0.84607,-1.9555,-2.7038,-0.71043,-1.5027,-3.3086,-2.7362,-2.2983,-1.414,-2.1854,-3.0301,-2.233,-2.7359,-3.6916,-1.3463,-1.1551,-2.441,-2.7081,-2.1807,-1.7168,-3.5006,-1.9844,-3.8011,-1.5044,-1.7527,-2.192,-2.6881,-1.7767,-2.1396,-1.4769,-4.6785,-1.9366,-2.2648,-1.0269,-1.6911,-2.3239,-1.3243,-2.8383,-2.6718,-0.9612,-3.1383,-1.7982,-2.0743,-2.1037,-3.0195,-1.071,-3.4562,-2.5708,-2.4777,-1.1847,-2.0927,-2.8657,-0.82059,-2.9665,-2.037,-1.9552,-1.4021,-2.3841,-2.2613,-2.0748,-2.3519,-1.0615,-1.7317,-3.5259,-2.6423,-2.2742,-2.4833,-1.8047,-2.5613,-2.3356,-1.9546,-2.6438,-1.4557,-1.5925,-1.6865,-2.2215,-2.8682,-2.0562,-3.1155,-3.1186,-2.3818,-3.3408,-2.9473,-1.6091,-2.7951,-1.6496,-2.1966,-2.4149,-0.61971,-1.9165,-1.1907,-2.9121,-2.8939,-2.1482,-1.9992,-0.82174,-1.4277,-1.2667,-2.6397,-1.8457,-1.6078,-1.5642,-1.5024,-2.1727,-2.578,-2.4821,-2.721,-1.6555,-1.4871,-0.4612,-1.5296,-1.4067,-1.7754,-1.2329,-2.8317,-1.9429,-2.7512,-0.92127,-2.2334,-2.53,-1.9712,-2.5595,-2.5445,-2.337,-1.4535,-2.1144,-1.7737,-3.0816,-1.9157,-4.113,-3.1755,-3.312,-2.8436,-2.8286,-2.9679,-1.5386,-3.2452,-2.8811,-1.5776,-2.2324,-2.6715,-2.7886,-1.6263,-1.8043,-2.7283,-2.7724,-2.7335,-1.7141,-2.2518,-3.2536,-3.5071,-2.8032,-2.8884,-3.2213,-1.1889,-1.9093,-1.323,-2.1824,-2.014,-1.5141,-1.216,-2.41,-1.3513,-3.6267,-1.5328,-1.6645,-3.3252,-2.7828,-1.7033,-3.2773,-2.2502,-1.381,-0.69712,-1.2163,-2.585,-2.8162,-2.7769,-1.4195,-2.8561,-2.4879,-2.5142,-1.7776,-1.9803,-1.9615,-0.42372,-2.749,-1.9324,-3.1594,-1.3074,-1.5276,-1.239
3.6082,2.2898,3.4994,4.0564,3.125,3.4355,2.4803,4.0783,3.9553,3.871,3.5566,3.759,3.8763,3.6541,3.2534,4.1112,3.2228,4.2381,2.9432,3.6674,3.4999,4.4175,3.2769,4.4833,3.7254,3.1846,4.4548,2.8604,4.0525,4.1248,4.0148,4.5452,3.8167,2.8156,3.7769,2.8386,1.96,4.4797,4.1931,3.3349,3.885,3.7232,4.085,2.3234,3.3976,3.4182,3.2788,2.6715,3.506,4.7497,3.8665,2.6525,3.627,3.3891,3.1471,3.2778,3.0107,4.378,3.7685,3.9946,3.6255,3.4816,3.1009,4.4798,2.0868,3.7217,2.8318,4.0829,3.7682,3.3584,3.4179,2.8878,3.156,3.6135,2.4665,3.4302,3.9523,3.2574,3.2474,4.8018,3.9402,2.7302,3.07,1.879,3.0209,3.9239,4.5385,3.7938,4.0231,4.2296,4.1688,3.5302,3.1936,3.9578,2.9603,3.6839,3.8876,3.2493,4.1383,3.4152,2.5087,3.3739,3.7027,3.8163,3.7308,3.4773,3.9316,4.3723,3.4806,2.858,3.9744,4.0795,2.4454,2.9582,3.357,3.5968,3.6058,4.8666,4.2583,3.6834,3.6758,3.8895,4.4896,3.4784,3.2697,2.9167,3.1254,3.559,3.5893,4.6024,4.2484,3.6417,3.6666,3.0795,4.1949,3.5651,4.3481,3.6851,4.1761,3.8849,3.4212,3.6415,3.5501,4.6313,4.6508,3.7701,4.0278,3.939,3.9301,3.9656,3.1134,4.0615,4.2038,4.1691,3.5837,3.6619,3.3243,3.1971,4.5191,4.7254,4.3934,3.1143,2.6356,3.9619,3.3081,2.7879,3.4836,3.2983,2.3817,3.7071,2.9771,3.7707,2.7703,3.7364,4.1789,3.246,3.302,2.607,3.6159,3.013,4.2667,3.7361,3.3812,3.4931,3.1448,3.3034,3.8957,3.0676,3.8699,3.2688,3.2161,4.4955,3.365,3.6279,2.7806,3.7142,4.1368,3.5833,3.6401,3.0307,3.7009,3.6886,3.3345,2.934,3.8533,3.7015,3.6855,3.9526,4.1526,2.8173,2.6644,3.8206,3.1883,3.5485,3.5184,3.4828,3.2594,3.9786,3.8358,3.6973,3.5978,3.8509,3.5895,4.2689,4.2409
0.85972,-0.4434,-0.18972,-0.89781,0.10848,-0.1509,-1.1216,-0.31375,-0.61067,-1.9843,-0.049663,-0.25243,-0.11801,-2.7535,0.49676,-0.56993,0.13176,0.2428,-0.79661,0.20025,0.011294,-0.16012,-0.16883,-0.17944,-0.75385,-1.534,-0.88525,-0.38008,-0.43518,-0.078809,-0.052608,0.4065,0.064655,0.45248,-2.603,-0.06325,-0.012569,0.45807,-0.035669,-0.88136,-0.26708,0.13607,1.0895,-3.5312,-4.5892,-2.696,-2.1695,-2.1595,-11,-11,-1.6239,-1.4016,-1.4418,-1.6552,-2.7503,-4.2089,-3.339,-3.6428,-0.92737,-1.3122,-4.2078,-1.0114,-2.4025,-2.2766,-2.7814,-4.0797,-3.9698,-2.2789,-1.2912,-2.6591,-2.9095,-4.0147,-1.1699,-2.7632,-1.5265,-2.8256,-3.0307,-2.3059,-3.9143,-11,-1.4176,-1.7589,-3.6996,-2.8483,-11,-0.44223,-2.6766,-0.39943,-0.99227,-2.5565,-4.9646,-11,0.19228,-1.0009,0.97118,0.23805,-1.9017,-2.547,-2.643,-1.0342,-2.8203,-2.2917,-3.6176,0.06692,0.15836,-2.3784,-2.1319,-1.366,-1.7927,-1.2578,-3.6442,-0.98132,-0.56336,-2.4104,-0.66753,-1.3876,-1.2056,-0.95082,-1.9318,-0.6537,-1.2278,-0.70366,-0.5223,-7.6626,-0.90418,-4.2603,-3.6952,-1.6834,-3.2558,-0.30269,-11,-1.4874,-11,-0.26125,-1.1601,-2.6494,-11,-1.885,-1.2994,-0.7684,-0.61672,-3.034,-0.33424,1.5882,-0.99424,-1.3258,-3.1542,-0.76176,-1.3734,-2.0045,-2.5256,-2.4992,0.050682,-2.766,-1.6744,-3.8934,-1.3764,0.056872,0.66926,-2.6826,-0.1376,-11,-1.8306,-3.1673,-3.3128,-2.5621,-0.82943,-1.5308,-1.324,-2.6938,-8.9351,-3.867,-0.19026,-2.0043,-11,-11,-1.3947,0.5243,-1.1382,-0.98675,-0.26084,-1.9716,-1.2482,0.25742,-0.55186,-1.472,-1.7536,-1.9107,-2.0346,-3.6647,0.17086,-3.6668,-11,-1.4415,-0.57378,-1.011,-0.62067,-0.4531,-11,-3.3466,0.59978,-1.8744,-2.9428,-11,-2.9087,0.45008,-2.9765,-0.23201,-0.92913,-0.037928,-1.6507,-1.1122,-0.17618,-0.56388,-1.0879,-11,-1.3509,-0.1334,-0.83673,-0.62262,0.10237,0.16782,-0.51729,-1.3562,-2.1712
-1.0865,-2.6021,-1.7321,-1.9006,-1.3206,-1.3193,-3.2819,-2.4555,-0.78249,-1.5074,-1.2288,-1.7894,-0.36524,-1.9747,-2.0511,-2.3305,-0.82089,-0.42473,-1.3234,-0.30627,-1.034,-0.081317,-1.0715,-0.88978,-1.695,-0.8789,-2.3095,-1.2473,-0.27902,-1.9139,-0.40201,-0.68053,-3.4544,-2.777,-2.6966,-0.32111,-0.86602,-1.9664,-2.3366,-1.1984,-2.3303,-1.7224,-1.8994,-2.8008,-1.338,-2.4075,-2.8249,-3.1845,-2.592,-11,-1.6898,-0.96142,-2.616,-1.4809,-1.6932,-1.6761,-2.7915,-3.0351,-1.8202,-1.8844,-3.8805,-0.068109,-2.6971,-2.7719,-1.3083,-2.3166,-1.1358,-0.97958,-1.6502,-1.2148,-2.8629,-4.5613,-0.7205,-1.9103,-2.2538,-0.8393,-2.5721,-0.37165,-3.2064,-1.9765,-11,-1.4921,-3.8239,-2.0808,-1.0621,-11,-2.2147,-4.0963,-11,-1.6129,-2.0994,-0.66308,-1.4599,-2.1491,-1.4545,-0.42471,-1.4066,-2.1379,-3.7149,-2.1798,-1.9507,-0.80127,-1.2946,-0.45671,-1.7383,-2.1736,-3.1744,-2.2937,-2.12,-2.1801,-2.522,-1.0142,-1.7128,-1.6156,-2.6219,-1.2132,-0.85141,-1.563,-1.5764,-1.99,-2.0517,-0.72167,-1.5521,-1.2879,-2.2213,-5.1496,-2.7788,-2.4975,-1.4378,-1.0036,-2.632,-2.0885,-3.9752,-1.085,-3.0522,-0.30979,-0.57054,-2.9701,-1.7603,-2.8483,-1.515,-11,-2.4356,1.3311,-1.4795,-1.7065,-3.4384,-4.2545,-1.3859,-2.6071,-1.1835,-2.8652,-1.0795,-4.8955,-1.7081,-1.5972,-2.8873,-11,-1.4051,-1.6295,-0.5796,-11,-1.4514,-1.392,-1.4732,-2.6134,-2.1934,-2.2849,-1.9634,-11,-4.0284,-1.0095,-1.8733,-0.21561,-11,-1.4997,-2.3812,-11,-1.5844,-11,-1.2609,-2.6222,-2.2938,-2.486,-0.41201,-1.1439,-3.3329,-0.2275,-1.6252,-4.6884,-2.8921,-2.0066,-2.7236,-1.9343,-1.1295,-1.3067,-1.6763,-1.8724,-2.6592,-1.9481,-1.9953,-3.1423,-2.1085,-0.92218,-1.2571,-1.4854,-0.56827,-1.3054,-4.3556,-2.7821,-0.25672,-4.4925,-1.2099,-0.13593,-1.2998,-2.5725,-2.8629,-1.6255,-1.9203,-1.0976,-1.3054,-1.8467,-2.3169,-0.58595,-1.1676
-11,-11,-11,-11,-11,-11,-11,-11,-11,-11,-11,-11,-11,-11,-11,-11,-11,-11,-11,-11,-11,-11,-11,-11,-11,-11,-11,-11,-11,-11,-11,-11,-11,-11,-11,-11,-11,-11,-11,-11,-11,-11,-11,-11,-11,-11,-11,-11,-11,-11,-11,-11,-11,-11,-11,-11,-11,-11,-11,-11,-11,-11,-11,-11,-11,-11,-11,-11,-11,-11,-11,-11,-11,-11,-11,-11,-11,-11,-11,-11,-11,-11,-11,-11,-11,-11,-11,-11,-11,-11,-11,-11,-11,-11,-11,-11,-11,-11,-11,-11,-11,-11,-11,-11,-11,-11,-11,-11,-11,-11,-11,-11,-11,-11,-11,-11,-11,-11,-11,-11,-11,-11,-11,-11,-11,-11,-11,-11,-11,-11,-11,-11,-11,-11,-11,-11,-11,-11,-11,-11,-11,-11,-11,-11,-11,-11,-11,-11,-11,-11,-11,-11,-11,-11,-11,-11,-11,-11,-11,-11,-11,-11,-11,-11,-11,-11,-11,-11,-11,-11,-11,-11,-11,-11,-11,-11,-11,-11,-11,-11,-11,-11,-11,-11,-11,-11,-11,-11,-11,-11,-11,-11,-11,-11,-11,-11,-11,-11,-11,-11,-11,-11,-11,-11,-11,-11,-11,-11,-11,-11,-11,-11,-11,-11,-11,-11,-11,-11,-11,-11,-11,-11,-11,-11,-11
-3.5781,-11,-5.652,-11,-11,-11,-11,-11,-11,-11,-11,-11,-11,-11,-11,-11,-11,-11,-11,-11,-11,-11,-11,-11,-11,-11,-11,-11,-11,-11,-11,-11,-11,-11,-11,-11,-11,-11,-11,-11,-11,-11,-11,-11,-11,-11,-11,-11,-11,-11,-11,-11,-11,-11,-11,-11,-11,-11,-11,-11,-11,-11,-11,-11,-11,-11,-11,-11,-11,-11,-11,-11,-11,-11,-5.9746,-11,-11,-11,-11,-11,-11,-11,-11,-11,-11,-11,-11,-11,-11,-11,-11,-11,-11,-11,-11,-11,-11,-11,-11,-6.1721,-11,-11,-11,-11,-11,-11,-11,-11,-11,-11,-11,-11,-11,-4.5308,-11,-11,-11,-11,-11,-11,-11,-11,-11,-11,-11,-11,-11,-11,-11,-11,-11,-11,-11,-11,-11,-11,-11,-11,-11,-11,-11,-11,-11,-11,-11,-11,-11,-11,-11,-11,-11,-11,-11,-11,-11,-11,-11,-11,-11,-11,-11,-11,-11,-4.735,-11,-11,-11,-11,-11,-11,-11,-4.7867,-11,-11,-11,-11,-11,-11,-11,-11,-11,-11,-11,-11,-11,-11,-11,-11,-11,-11,-11,-11,-11,-11,-11,-11,-11,-11,-11,-11,-11,-11,-11,-11,-11,-11,-11,-11,-11,-11,-11,-11,-11,-11,-11,-11,-11,-11,-11,-11,-11,-11,-11,-4.7561,-11
-11,-11,-11,-11,-3.4714,-4.9091,-11,-11,-11,-11,-1.6633,-11,-11,-11,-11,-11,-11,-11,-11,-11,-11,-11,-11,-11,-6.1974,-11,-11,-11,-11,-1.426,-11,-11,-11,-11,-11,-3.1812,-11,-11,-11,-11,-11,-11,-11,-11,-11,-11,-11,-11,-11,-11,-11,-4.7534,-11,-3.7625,-11,-11,-11,-11,-11,-11,-11,-11,-4.9591,-11,-11,-5.2329,-11,-11,-11,-11,-11,-11,-11,-11,-11,-11,-11,-11,-11,-11,-11,-11,-11,-11,-11,-11,-11,-11,-11,-11,-11,-11,-11,-11,-11,-11,-11,-11,-11,-11,-11,-11,-11,-3.6334,-11,-11,-11,-4.4502,-11,-11,-11,-4.5983,-11,-11,-4.0555,-11,-11,-11,-11,-11,-11,-11,-11,-11,-11,-11,-11,-11,-11,-11,-11,-4.2873,-11,-11,-11,-11,-11,-11,-11,-4.4445,-11,-11,-11,-11,-11,-11,-11,-11,-11,-11,-11,-11,-11,-2.6109,-11,-11,-11,-11,-11,-11,-4.1403,-11,-11,-11,-11,-11,-11,-11,-11,-11,-11,-11,-11,-11,-11,-11,-11,-11,-11,-11,-2.5297,-11,-11,-11,-11,-11,-11,-11,-11,-11,-4.9596,-11,-11,-11,-11,-11,-11,-11,-4.8357,-11,-11,-4.4965,-11,-11,-11,-11,-11,-11,-11,-11,-11,-11,-11,-11,-11,-11,-11,-4.9371,-11,-11,-11,-11,-4.5066,-11,-11
-11,-11,-11,-11,-11,-11,-11,-3.9039,-3.4842,-11,-11,-11,-11,-4.2732,-11,-3.5742,-11,-11,-3.5875,-11,-11,-11,-11,-11,-4.1926,-11,-11,-11,-11,-11,-11,-11,-11,-11,-4.0295,-11,-11,-11,-11,-3.673,-11,-11,-3.2778,-11,-11,-11,-11,-11,-11,-11,-3.6944,-3.3508,-11,-11,-11,-11,-11,-11,-11,-11,-3.7371,-11,-11,-11,-11,-11,-11,-11,-11,-11,-11,-11,-11,-11,-11,-3.535,-11,-4.4658,-11,-11,-11,-11,-3.3651,-11,-2.5255,-2.3417,-11,-3.5679,-11,-11,-3.9658,-11,-11,-11,-11,-3.2004,-11,-3.3195,-11,-11,-11,-11,-11,-11,-11,-11,-11,-11,-11,-11,-11,-11,-11,-11,-11,-11,-11,-11,-11,-11,-2.2363,-11,-11,-3.5157,-11,-11,-11,-11,-11,-11,-11,-3.2497,-11,-2.2749,-11,-11,-11,-3.4253,-11,-11,-11,-11,-11,-11,-11,-11,-11,-11,-11,-11,-11,-11,-11,-4.7492,-11,-11,-3.3499,-11,-11,-3.4638,-2.7289,-11,-11,-11,-11,-11,-11,-11,-11,-1.5592,-11,-11,-11,-11,-2.2753,-2.5938,-11,-11,-11,-4.0017,-11,-11,-3.4679,-11,-11,-11,-3.7076,-11,-11,-4.3459,-11,-3.3813,-3.8367,-11,-11,-11,-11,-11,-11,-11,-11,-11,-11,-11,-2.7951,-11,-3.3434,-11,-11,-11,-11,-11,-4.8225,-11,-11,-11,-3.6665,-11,-11,-11,-11,-11,-3.6981,-3.2795,-11
-1.244,-1.7491,-1.4719,-2.2015,-1.7284,-11,-1.2293,-2.7188,-1.0487,-3.0299,-0.76158,-3.2621,-2.005,-11,-11,-1.4196,-3.0556,-1.7646,-0.76032,-0.7062,-6.9832,-1.2054,-3.6892,-2.536,-2.0334,-2.069,-0.37694,-1.4756,-0.96296,-2.32,-2.6388,-2.6807,-2.3396,-2.0935,-2.9545,-2.8182,-1.6404,-3.0463,-1.9771,-2.5793,-1.5378,-1.3785,-0.46898,-1.2491,-2.2882,-0.63877,-4.0494,-2.4115,-1.8544,-0.95301,-3.4054,-1.3411,-0.77677,-0.95693,-2.3636,-1.4456,-1.4803,-0.92489,-4.6571,-0.74189,-3.0779,-1.2901,-1.3723,-11,-2.0694,-0.59012,-3.2183,0.079528,-0.34347,-0.53018,-1.9265,-1.5105,-2.0387,-1.3024,-1.5968,-0.39344,-1.4205,-1.0648,-2.794,-1.0983,-3.2443,-0.7102,-2.3442,-1.4989,0.10554,-1.9136,-0.60432,-2.0027,-1.5538,-11,-11,-0.53374,-1.1366,-3.2856,-0.83762,0.24327,-0.90268,-2.4713,-4.3948,-0.5574,-1.2164,-1.6413,-1.2313,-0.7915,-1.9232,-3.4775,-0.79308,-1.8958,-1.5648,-0.94816,-0.44315,-0.44252,-1.6223,-1.7105,-0.85945,-2.3234,0.35207,-1.6577,-0.55607,-0.48277,-0.86591,-1.0495,-0.31332,-0.25239,-1.6552,-0.80319,-3.576,-1.3234,-2.0419,0.7645,0.67358,-2.0527,-1.5786,-0.65993,-0.031146,0.14059,-0.56976,-0.70755,-1.7894,-1.4629,-1.3081,-11,-1.5302,-0.79619,-1.8038,-2.893,-1.8419,-1.6377,0.90547,-1.9531,-1.1894,-2.5876,-2.9812,-1.4547,-1.2287,-3.0875,-1.6274,-1.5104,0.35707,-1.8555,-0.72146,-1.2481,-1.2385,-2.8128,-11,-3.0577,-3.6899,-1.6424,-0.41837,-0.8077,-2.1055,-1.7777,-0.074393,0.018476,-2.4608,-11,-1.5818,-1.639,-1.5294,-1.8147,-1.618,-0.16681,-1.9878,-2.8999,-1.3472,-2.3228,-1.0271,-1.4577,-0.79658,-3.4813,-2.8029,-1.9334,-1.9615,-0.13622,-0.67256,-1.6726,-0.24265,-2.3065,-1.2437,-2.7959,-2.0789,-1.8234,-2.6809,-1.2705,-1.2606,-1.2045,-0.69488,-0.37614,0.077533,-1.9417,-3.8745,-2.1439,-1.3969,-0.010229,-2.0861,-2.6124,-1.6889,-1.2075,-0.70133,-0.89886,-2.4917,-1.986,-1.5406,-1.5134,-11
-11,-11,-11,-11,-11,-11,-11,-11,-11,-11,-11,-11,-11,-11,-11,-11,-11,-11,-11,-11,-11,-11,-11,-11,-11,-11,-11,-11,-11,-11,-11,-11,-11,-11,-11,-11,-11,-11,-11,-11,-11,-11,-11,-11,-11,-11,-11,-11,-11,-11,-11,-11,-11,-11,-11,-11,-11,-11,-11,-11,-11,-11,-11,-11,-11,-11,-11,-11,-11,-11,-11,-11,-11,-11,-11,-11,-11,-11,-11,-11,-11,-11,-11,-11,-11,-11,-11,-11,-11,-11,-11,-11,-11,-11,-11,-11,-11,-11,-11,-11,-11,-11,-11,-11,-11,-11,-11,-11,-11,-11,-11,-11,-11,-11,-11,-11,-11,-11,-11,-11,-11,-11,-11,-11,-11,-11,-11,-11,-11,-11,-11,-11,-11,-11,-11,-11,-11,-11,-11,-11,-11,-11,-11,-11,-11,-11,-11,-11,-11,-11,-11,-11,-11,-11,-11,-11,-11,-11,-11,-11,-11,-11,-11,-11,-11,-11,-11,-11,-11,-11,-11,-11,-11,-11,-11,-11,-11,-11,-11,-11,-11,-11,-11,-11,-11,-11,-11,-11,-11,-11,-11,-11,-11,-11,-11,-11,-11,-11,-11,-11,-11,-11,-11,-11,-11,-11,-11,-11,-11,-11,-11,-11,-11,-11,-11,-11,-11,-11,-11,-11,-11,-11,-11,-11,-11
-3.245,-2.2079,-2.4151,-2.5684,-3.9769,-1.9394,-2.3469,-3.6703,-1.5476,-2.3184,-3.3756,-2.0171,-1.7822,-2.9261,-0.81144,-1.2136,-11,-3.8691,-4.0666,-5.4098,-4.7318,-3.8829,-4.5039,-2.3456,-2.8641,-11,-11,-11,-11,-1.4612,-2.7459,-1.5195,-11,-4.2227,-2.6817,-2.2709,-4.3255,-3.7826,-11,-3.094,-4.5581,-11,-1.0369,-3.1244,-2.4396,-3.185,-2.4525,-3.0826,-3.2902,-11,-1.5044,-3.5653,-3.2357,-1.6633,-1.8629,-4.164,-2.9272,-0.79692,-1.4445,-3.7524,-3.4745,-1.4296,-4.0025,-11,-3.8888,-2.9623,-3.6892,-1.1089,-11,-0.27141,-11,-1.7601,-3.2477,-3.5204,-1.9173,-2.7789,-3.422,-2.4104,-4.1174,-2.1087,-2.3677,-11,-2.3192,-11,-11,-3.1965,-3.9646,-11,-2.7416,-1.9627,-3.72,-3.3451,-11,-3.5882,-1.1425,-2.602,-11,-11,-11,-2.7792,-11,-2.2032,-1.7899,-11,-2.2165,-3.9293,-1.3518,-11,-3.3005,-11,-2.4651,-3.7308,-11,-2.0874,-4.2296,-2.8579,-1.4824,-11,-2.471,-2.6848,-1.5025,-1.9192,-2.5214,-2.6397,-4.1388,-4.171,-2.6774,-7.3812,-4.1402,-2.4539,-1.5397,-4.4201,-3.0622,-3.2148,-3.2938,-1.3216,-2.7716,-2.0721,-3.189,-2.6412,-1.5657,-11,-11,-11,-2.6609,-3.0211,-3.1164,-11,-4.7026,-2.2541,-11,-3.7584,-1.9639,-5.9824,-2.1032,-2.9838,-2.2345,-11,-3.2628,-11,-0.70912,-1.6021,-2.2446,-1.8715,-1.5576,-3.5774,-1.2598,-11,-3.3818,-11,-0.80202,-3.0041,-2.0347,-3.6297,-2.056,-2.025,-3.1455,-11,-4.4037,-1.8063,-11,-2.6573,-2.2513,-2.5982,-3.9337,-2.8376,-2.8812,-1.1024,-1.504,-3.9348,-11,-1.4852,-4.0359,-2.8976,-2.0482,-1.0585,-0.8082,-3.4934,-11,-3.2237,-1.941,-1.3568,-2.1317,-11,-2.5357,-4.2857,-2.1823,-1.5641,-2.3243,-11,-1.4152,-2.2479,-3.2763,-2.6513,-6.5703,-2.0685,-3.0203,-3.1102,-11,-3.8578,-1.4472,-2.6028,-2.5849,-2.6125,-3.935
-11,-11,-11,-11,-11,-11,-11,-11,-11,-11,-11,-11,-11,-11,-11,-11,-11,-11,-11,-11,-11,-11,-11,-11,-11,-11,-11,-11,-11,-11,-11,-11,-11,-11,-11,-11,-11,-11,-11,-11,-11,-11,-11,-11,-11,-11,-11,-11,-11,-11,-11,-11,-11,-11,-11,-11,-11,-11,-11,-11,-11,-11,-11,-11,-11,-11,-11,-11,-11,-11,-11,-11,-11,-11,-11,-11,-11,-11,-11,-11,-11,-11,-11,-11,-11,-11,-11,-11,-11,-11,-11,-11,-11,-11,-11,-11,-11,-11,-11,-11,-11,-11,-11,-11,-11,-11,-11,-11,-11,-11,-11,-11,-11,-11,-11,-11,-11,-11,-11,-11,-11,-11,-11,-11,-11,-11,-11,-11,-11,-11,-11,-11,-11,-11,-11,-11,-11,-11,-11,-11,-11,-11,-11,-11,-11,-11,-11,-11,-11,-11,-11,-11,-11,-11,-11,-11,-11,-11,-11,-11,-11,-11,-11,-11,-11,-11,-11,-11,-11,-11,-11,-11,-11,-11,-11,-11,-11,-11,-11,-11,-11,-11,-11,-11,-11,-11,-11,-11,-11,-11,-11,-11,-11,-11,-11,-11,-11,-11,-11,-11,-11,-11,-11,-11,-11,-11,-11,-11,-11,-11,-11,-11,-11,-11,-11,-11,-11,-11,-11,-11,-11,-11,-11,-11,-11
-11,-3.9291,-4.0445,-11,-11,-11,-11,-5.1308,-11,-11,-11,-11,-5.7653,-11,-11,-5.0361,-11,-11,-11,-11,-11,-11,-11,-11,-11,-11,-11,-11,-11,-11,-11,-4.145,-11,-4.064,-11,-11,-11,-11,-11,-11,-11,-11,-11,-3.9192,-11,-11,-11,-5.7309,-11,-11,-11,-11,-11,-11,-11,-11,-11,-11,-3.8604,-11,-11,-11,-11,-11,-11,-11,-11,-11,-11,-11,-11,-11,-11,-11,-11,-11,-11,-11,-11,-11,-11,-11,-11,-11,-11,-11,-11,-11,-4.6343,-11,-11,-11,-11,-4.6691,-11,-11,-11,-11,-11,-11,-11,-11,-11,-11,-11,-11,-11,-11,-11,-11,-11,-11,-11,-11,-11,-11,-11,-11,-11,-11,-11,-11,-11,-11,-11,-11,-11,-11,-11,-11,-11,-11,-11,-11,-5.0024,-11,-11,-11,-11,-11,-11,-5.1871,-11,-11,-11,-4.5185,-11,-11,-11,-11,-11,-11,-11,-11,-11,-11,-11,-11,-11,-11,-11,-11,-11,-11,-11,-11,-11,-11,-11,-11,-11,-11,-11,-11,-11,-11,-11,-11,-5.1788,-11,-11,-11,-11,-11,-11,-11,-11,-11,-11,-11,-11,-11,-11,-11,-11,-11,-11,-11,-11,-11,-11,-11,-11,-11,-11,-11,-11,-11,-11,-11,-11,-11,-11,-11,-11,-11,-11,-11,-11,-11,-11,-11,-4.9528,-11,-11
-3.0151,-3.8431,-2.6948,-2.1774,-3.9046,-2.3933,-2.5772,-3.6637,-1.9749,-3.8844,-3.4916,-1.6405,-2.3111,-3.4671,-2.2299,-4.8948,-4.5442,-4.2201,-3.715,-3.7381,-3.9783,-5.0987,-3.9687,-3.1619,-1.0792,-2.9508,-2.66,-2.8024,-2.0623,-2.0872,-3.1887,-4.2688,-4.827,-2.7474,-2.5088,-2.819,-5.6403,-3.4192,-4.1797,-2.8815,-3.2517,-2.0407,-1.7904,-1.7554,-3.0997,-3.0353,-3.635,-3.2341,-0.98652,-3.3628,-3.8681,-5.2683,-2.0115,-3.0278,-2.4132,-2.5251,-3.123,-3.1515,-3.5206,-2.5338,-2.4697,-2.3444,-2.6675,-4.158,-3.786,-3.5654,-1.823,-4.0412,-11,-3.5,-11,-1.6558,-1.7244,-3.9626,-4.5088,-2.0078,-3.349,-3.7418,-11,-1.6125,-3.1359,-3.9918,-2.1148,-6.6303,-1.4517,-4.4332,-2.4335,-3.8513,-4.116,-1.4877,-2.4821,-3.0829,-2.9392,-1.9673,-1.3205,-2.9743,-2.2993,-4.3909,-2.6593,-2.8435,-1.8633,-5.0199,-11,-1.5674,-2.5122,-3.5498,-4.188,-1.9251,-3.2926,-4.1787,-1.4365,-2.816,-2.1856,-2.2891,-2.0451,-3.1998,-1.8516,-2.4026,-11,-2.4832,-1.8866,-2.1357,-2.3219,-3.2679,-2.8207,-4.8027,-1.8474,-3.5726,-1.985,-1.235,-2.1999,-2.7496,-1.6891,-2.9701,-1.9559,-2.3877,-4.1535,-2.9857,-1.8784,-1.4665,-3.3803,-3.0048,-2.5043,-11,-2.0642,-1.4696,-1.1689,-2.2071,-3.2363,-2.74,-1.7744,-4.4046,-3.2179,-3.6165,-1.8378,-4.0399,-1.9402,-3.4232,-2.8779,-2.2644,-2.57,-3.0467,-1.1644,-2.4481,-3.8718,-1.6344,-1.3775,-4.6208,-5.9684,-1.5085,-1.3524,-1.6663,-2.4227,-1.7562,-1.6063,-0.69727,-1.9292,-1.8502,-2.1556,-3.8048,-2.8919,-2.916,-3.1942,-3.6546,-5.0527,-3.4418,-2.0082,-3.5489,-4.9579,-1.9099,-2.9583,-2.9807,-4.3339,-3.5478,-2.3728,-2.5779,-2.0436,-4.1067,-3.3889,-3.6986,-2.5774,-1.7233,-3.1157,-4.1586,-2.7198,-3.8055,-2.1893,-1.5906,-3.1663,-4.7763,-4.6237,-2.5097,-3.8955,-2.8199,-1.3215,-2.3375,-5.4297,-2.6233,-3.1976,-2.0273,-1.449,-2.9326,-3.1936,-2.7716,-11
2.3683,1.2554,1.9066,2.3179,2.8138,2.1767,1.8257,1.097,2.3941,1.8436,2.2825,2.3988,2.3467,1.5687,2.3985,2.314,1.9151,1.5153,2.1397,2.7866,1.8495,1.9072,1.9288,2.672,1.7244,1.3278,2.4902,1.7644,1.6648,1.5687,2.5693,2.4547,1.4555,1.9321,1.8051,1.3906,0.73764,3.1212,1.8653,1.6759,1.4228,1.7634,2.5564,1.7072,1.5208,1.6388,1.0193,1.0041,2.2701,2.7688,2.5206,2.3537,2.2248,2.6369,2.3901,2.3412,1.1034,1.7707,1.6114,2.3074,1.7491,2.6201,2.1143,2.4845,-0.31767,2.1859,2.0065,1.3177,1.9389,1.9915,0.95016,1.4412,2.7822,1.3742,1.6282,2.0695,1.8694,1.5775,1.9063,1.9121,2.6882,1.7201,2.0412,0.85478,1.6053,1.0011,2.4357,1.7764,2.5077,2.4046,1.242,2.5391,1.4694,2.1581,2.6915,2.0672,1.813,1.4005,0.9004,1.2262,1.8218,2.6992,2.2265,3.215,1.9449,2.2166,1.7418,1.9109,1.4247,1.8807,2.0664,1.5777,0.10437,1.8901,1.6784,1.1342,2.0993,2.1929,2.7096,1.4133,2.1666,2.6735,2.0007,1.9872,0.66113,1.2878,2.1158,1.9295,1.8341,2.4115,2.5272,1.7411,2.3497,2.1431,2.2796,2.3707,2.4627,1.9957,2.4961,1.4382,1.3208,1.4195,1.8347,2.4582,2.5916,1.9809,1.9475,1.4004,1.2491,2.1475,0.8735,1.2094,1.8943,1.9048,1.9539,2.0059,1.738,1.1105,2.6805,1.5298,2.6329,2.3853,2.0377,2.2177,2.1048,1.2846,2.1716,0.41836,1.6609,2.5117,1.6549,2.2743,2.2325,2.3144,2.4174,3.031,0.96276,0.7301,2.0392,1.8922,2.1139,2.4853,1.4502,1.0148,1.9937,2.0658,2.0188,2.054,2.0049,2.0863,1.2893,2.7504,1.2858,1.404,1.475,1.8921,2.4725,1.3766,0.92621,2.2722,2.6284,1.6835,1.9203,1.6547,2.2763,1.1047,2.8051,2.0415,1.5816,0.015956,1.5538,2.4671,0.98577,2.1984,2.6342,2.2498,1.5289,1.8821,2.1434,1.8604,2.3095,2.267,2.1187,1.821,2.2458
0.028368,-1.746,-0.79075,-0.25912,-1.9549,0.17473,-0.49814,-1.505,-0.48356,-0.97519,-0.64603,-1.0539,-0.87094,-0.79846,-0.94711,-1.5763,-1.3785,0.21209,-0.10078,-0.29849,-1.3012,-0.15435,-1.3688,-2.2223,-0.6417,-0.14434,-0.52079,-1.1576,-0.71184,0.060044,-2.0565,-0.82307,-0.99988,-3.0731,-0.772,-0.262,-2.2717,-1.0211,-0.89071,-2.3547,-0.14027,-0.24149,-0.047306,-0.67579,-1.2101,-1.5731,-0.59496,-1.4991,-1.1453,-1.1266,-2.0417,-0.86205,-2.321,-1.8428,-4.2143,-2.0183,-3.116,-0.035316,0.83954,-0.62811,-1.5466,-1.3135,-0.87049,-0.56131,-0.90601,-0.83018,-1.8413,-0.53577,-1.1665,-2.9065,-0.5084,-1.4228,-2.6246,-0.27004,-1.5758,-2.4379,-0.93479,-1.6686,-0.79178,1.4679,-0.84898,-0.62282,-0.71585,-0.8281,0.32582,0.30735,-0.010485,-0.98406,-0.72232,-0.89125,-0.28877,-2.9544,-1.5191,-2.5253,-2.0888,0.33169,-0.16353,-0.66955,-0.031112,0.090829,-1.6178,-0.8224,-1.594,0.3657,-1.2645,-1.4812,-1.3973,0.048176,0.2375,-3.5571,-0.091353,-1.1924,-1.274,-3.0278,-1.4276,-2.4723,-2.6225,0.45611,0.8556,-0.81521,-2.1898,-0.79524,0.58972,-1.3045,-1.4607,-0.9897,-1.6724,-1.1906,-1.1825,-0.71651,-0.030709,-4.0423,-0.55868,-1.3683,-1.3386,-3.123,1.0747,-1.8573,-1.449,-1.4028,-1.822,-0.26671,0.21092,-1.4035,-0.77395,-1.759,-1.9525,-0.32516,-0.0044631,-1.4733,-0.21173,0.45907,-0.66871,-0.70168,-1.3896,-1.177,-0.71093,-1.2421,-1.2197,-1.387,-1.5574,-0.69203,-1.028,-1.2911,-1.4149,-2.7672,-2.4271,-0.73649,-1.8714,0.48324,-1.5169,0.39423,-0.1643,-2.1565,-0.64207,0.040675,-0.014086,-0.71786,-1.4751,-0.52965,-0.79519,-0.59695,-1.4569,-1.0308,-1.3533,-2.686,-0.95045,-1.3459,-1.0361,-0.55405,-0.50055,0.0042413,-1.3832,-0.48837,-0.8218,-0.7589,-0.60854,-1.5903,-1.8754,-2.6544,-2.028,-0.55018,-2.1486,-2.2295,-0.64857,-0.43557,-0.74787,-1.5119,-0.23456,-2.5506,-1.4713,-1.094,-1.383,-0.96521,-1.0213,-0.60166,-0.52707,-2.4095,0.45736,-0.25805,-1.4318,-0.014619,-0.566,-0.26166,0.36404
0.19847,-1.6682,-1.6723,-1.6166,-2.3744,-3.2071,-0.54233,-1.7389,-1.3647,-0.91549,-1.5397,-3.422,-2.9112,-5.5048,-0.38515,-2.2545,-1.5979,-1.6279,-1.0934,-0.91817,-1.3999,-1.8571,-1.9097,-1.2918,-1.1307,-1.6607,-2.7233,-2.3019,-0.52953,-1.2372,-1.9685,-1.8458,-2.2502,-1.1153,-1.0988,-1.6775,-0.60991,-0.54374,-1.2995,-1.8095,-1.6579,-2.3719,-0.89508,-1.1759,-1.2068,-1.3981,-3.1806,-1.2792,-0.81071,-1.223,-1.0694,-1.6003,-0.13358,-0.96189,-0.46856,-1.7243,-2.4656,-0.53533,-1.2674,-1.0096,-2.7799,-1.3208,-0.9042,-0.74118,-2.0782,-1.1691,-1.4717,-1.4392,-1.5926,-1.9138,-2.3764,-1.9907,-0.76757,-11,-2.078,-1.6202,0.40481,-1.1843,-1.2218,-0.83139,-2.504,-0.47572,-1.9467,-2.2038,-0.32243,-2.6971,-1.7428,-0.98724,-0.24897,-1.3783,-1.4955,-2.1849,-2.0936,-1.8008,-3.5759,-1.4029,-3.3763,-0.56057,-2.6819,-2.1343,-0.63728,-0.42056,-1.1283,-0.48337,-1.9358,-1.7667,-1.3395,-0.26405,-1.6636,-0.27869,-2.854,-0.98526,-1.7443,-1.8682,-1.0763,-0.87767,-1.5617,-0.58772,-0.28909,-0.89262,-1.1793,-2.8452,-2.7501,-0.48723,-3.6312,-0.53106,-0.21163,-1.7289,-0.71586,0.012279,-0.70715,-0.44221,-2.139,-0.91413,-0.70728,-0.45336,-1.55,-0.99827,-1.4561,-11,-0.30263,-0.10705,-2.8757,-0.65411,-1.7077,-2.6435,-0.98921,-0.73877,-1.0386,-0.98329,-2.0952,-0.21769,-0.61385,-0.6953,-1.7775,-1.1774,-1.617,-0.90985,-0.2243,-0.40358,-0.37986,-0.44769,-3.1576,-0.41168,-0.70375,-1.9901,0.26769,-0.28391,-0.60192,-1.7398,-1.3482,-0.61893,0.04846,-1.8786,-0.88008,-3.3969,-1.3197,-2.0178,-1.1334,-0.5313,-0.7523,0.044171,-1.7826,-1.6969,-1.0189,-1.8403,-1.6749,-1.086,-0.80326,-1.6647,-1.689,-0.72692,-1.1404,-1.954,-1.9303,-0.05389,-1.4326,-0.40559,-1.902,-1.1932,-0.60273,-0.95594,-0.79516,-1.7729,-1.387,-1.4565,-1.7777,-1.8487,-2.7397,-1.8257,-4.1274,-0.64126,-0.89776,-0.61652,-0.7005,-1.2821,-2.4487,-0.4872,-1.8449,-1.485,-1.6619,-1.0998,-1.14,0.24803,-2.7839
-11,-4.7818,-11,-4.682,-5.0512,-11,-11,-5.8199,-4.0348,-5.6106,-4.721,-11,-2.9783,-3.9692,-4.956,-3.9824,-4.3391,-4.5265,-11,-11,-4.6865,-8.2405,-4.693,-3.5131,-11,-11,-3.6017,-11,-11,-11,-4.9532,-11,-7.2181,-11,-5.6386,-8.5619,-11,-4.3267,-11,-6.2123,-8.2373,-11,-11,-11,-11,-6.57,-11,-11,-4.11,-11,-8.194,-3.9385,-11,-11,-11,-11,-4.8079,-4.2685,-5.054,-8.4383,-5.4318,-5.4332,-11,-11,-5.7572,-3.4909,-11,-11,-11,-11,-11,-11,-5.5743,-11,-11,-4.965,-7.9176,-5.5716,-8.6172,-2.7756,-11,-11,-5.1044,-11,-11,-5.5375,-4.2572,-11,-11,-11,-5.0147,-11,-6.1126,-5.2452,-11,-11,-11,-11,-4.7887,-11,-11,-11,-4.9408,-11,-11,-11,-4.7317,-8.0722,-11,-11,-11,-11,-11,-11,-11,-3.9774,-4.8852,-11,-11,-4.1486,-11,-11,-8.3577,-5.1246,-11,-3.8046,-11,-2.794,-5.25,-3.8822,-2.5799,-3.4026,-11,-5.6769,-4.2213,-2.5438,-11,-4.3142,-11,-5.8633,-11,-6.5247,-11,-11,-4.039,-11,-11,-11,-11,-11,-11,-11,-11,-4.1386,-3.705,-11,-5.0063,-8.9928,-11,-11,-11,-11,-11,-11,-11,-11,-11,-11,-11,-4.5329,-4.4267,-5.4948,-11,-5.4064,-11,-11,-11,-11,-11,-6.7054,-11,-11,-11,-5.1145,-11,-4.1314,-11,-4.9035,-11,-11,-11,-3.9482,-11,-11,-11,-11,-3.1292,-11,-11,-4.5657,-11,-5.0523,-11,-11,-11,-11,-11,-11,-7.9823,-5.6316,-11,-5.7379,-4.3325,-11,-11,-4.2632,-4.3731,-3.697,-3.9289,-11,-11,-4.5083,-11,-11,-11
0.070654,0.080438,-0.31056,0.16725,-1.6196,0.73361,-1.6003,-0.74081,1.4551,-1.0735,0.052139,0.34509,-0.33586,0.16933,-0.44363,-1.5978,-1.993,1.3902,-2.9053,-1.8838,-0.50491,-0.32044,-0.34972,1.0474,-0.67251,-1.0034,0.67728,-3.5471,-0.18229,1.2143,-1.8031,0.20923,0.091616,-1.3436,-2.9202,-0.76367,-1.8214,-11,-2.1242,-0.53024,-1.1672,-0.72741,-0.78346,-0.89232,-0.51282,-1.7775,0.75257,-0.60179,-1.1135,2.035,-0.079729,0.34357,0.31543,1.1368,0.11804,0.39303,0.19295,0.48894,-1.6238,0.23778,-1.1179,0.014495,0.96491,-0.58359,0.62169,0.29466,0.17422,1.6842,-0.57324,0.30097,0.27741,-1.1243,-0.84157,1.5175,-1.8959,-0.041477,1.4575,-3.8872,-1.4231,1.4191,-0.70386,0.48206,-2.0589,-0.12256,0.82221,-0.66864,0.76628,-1.7492,-0.32359,0.078633,0.0081263,-0.52075,-0.8508,-0.61031,-0.32791,-1.2621,1.4168,-1.8395,0.76549,1.1203,-0.41845,-1.6277,-1.411,-0.76477,1.2413,-2.5998,-1.1029,0.41211,-0.21753,1.1651,-1.2853,-0.00059496,-0.34445,0.36706,-0.89706,0.061576,0.81137,-0.18653,0.88456,-0.37891,-2.8531,1.1499,-1.9856,0.14703,-3.4676,0.40418,-11,-0.23067,-0.39527,1.425,0.65271,-0.47434,-0.74935,-0.045209,-0.49592,1.0623,0.53449,-0.73615,0.60053,0.44511,-0.49974,1.9804,-0.41797,1.1887,-1.836,-2.4781,-1.0925,-11,1.6049,0.54466,0.7179,0.3772,-0.1201,-0.34481,-1.3658,-11,0.31172,-1.017,1.4066,-0.25618,1.3775,-11,-0.71399,-1.4029,0.040831,-0.45077,-0.24414,0.38287,-0.60312,1.1179,0.049183,0.15983,1.9031,0.55323,0.042524,-0.012836,-0.26973,-1.7393,0.11512,-1.9348,1.316,0.67286,-2.3516,-0.22271,-0.86697,-0.572,-2.4044,-1.9872,1.0171,-1.0598,0.21339,-1.507,-0.41577,-1.0535,1.1721,-0.2635,1.3941,-0.0131,0.48671,-0.31557,-0.014738,-1.0679,-2.0805,-6.1352,0.13143,0.46927,1.3186,1.5273,-0.17629,-1.3554,0.88945,1.026,-0.78839,1.2076,1.3959,0.14973,-0.4909,-0.86545,-0.052038,-0.055128,1.1402,-0.39719,1.4332,0.85489,-0.63651
-3.9895,-3.995,-3.5175,-11,-4.8924,-3.8341,-2.3103,-3.2441,-4.5785,-4.6961,-3.0955,-4.1724,-3.2322,-1.6094,-0.96516,-5.0681,-1.8724,-3.2795,-2.7819,-4.5697,-3.2991,-1.9157,-3.4523,-3.1043,-5.3146,-11,-1.9767,-5.1698,-2.9129,-3.3191,-1.4198,-1.907,-5.0296,-5.2463,-1.6104,-4.7122,-5.0834,-3.3195,-3.6808,-5.016,-5.8337,-4.7238,-3.1434,-2.5106,-2.4249,-0.95947,-1.8107,-3.7935,-2.6427,-4.2822,-4.1845,-1.8846,-11,-1.7846,-11,-1.241,-11,-0.60467,-0.61809,-2.4052,-2.5236,-3.0471,-2.6415,-3.0347,-2.475,-0.90894,-2.5593,-2.7046,-1.5351,-3.2846,-1.852,-11,-3.4038,0.79351,-11,-3.4166,-2.0177,-2.4639,-3.5724,-3.0846,-4.4499,-0.80129,-0.74868,0.16989,0.5485,-1.1514,-3.333,-3.8551,-2.309,-2.1439,-2.9955,-2.4789,-4.938,-2.5389,-1.3095,0.11279,-0.56403,-3.812,-5.6352,-4.5063,-1.9572,-11,-4.5663,-1.6613,-1.335,-4.455,-11,-2.3999,-0.056304,-1.3592,-1.2807,-1.6617,0.1929,-2.934,-0.95448,-1.3049,-2.2068,-2.9443,-4.1809,-2.1041,-4.3849,-5.2543,-0.34046,-2.9132,-2.2661,-4.3689,-4.6855,-1.6386,-2.6752,0.25077,-1.3246,-1.7657,-3.0943,-1.1722,-0.80649,-2.6401,-0.96968,-2.2163,-1.6185,-4.6416,-1.4773,-0.75071,0.73679,-2.2575,-2.1051,-1.9046,-2.5154,-1.2637,-3.6806,-1.8509,-1.9909,-11,-2.2232,-2.0386,-4.5009,-2.9283,-0.52661,-1.8926,-1.7585,0.1169,-0.41162,-11,-11,-11,-4.4516,-3.3369,-3.1969,-3.2839,-1.6847,-1.6011,-3.358,-0.52418,-2.4972,-2.5291,0.2894,-1.9504,0.32,0.67238,-3.2381,-4.5629,-3.0766,-0.91484,-11,-3.3943,-2.6874,-4.7376,-3.8247,-11,-4.9923,-2.2969,-0.80341,-3.43,-2.9343,0.07233,-1.0707,-5.1834,0.37912,-4.4021,-3.1648,-3.2398,-11,-4.6055,-2.3064,-2.5317,-11,-4.4341,-2.1341,-1.8174,-2.4444,-1.1583,-2.8081,-4.5805,-4.0304,-4.2215,-1.5361,-2.1129,-1.3626,-3.5363,-1.5931,-3.6295,-1.3009,-4.412,-3.6768,-0.33049,-2.314
0.31162,-1.0877,0.05992,-0.67661,-0.44662,-0.20319,-4.0695,-1.4455,-0.58267,-2.1725,0.13559,0.30612,-0.12684,-0.15795,-0.35921,-0.25639,-1.3365,-0.80003,-0.11655,0.36797,-0.5277,0.092415,-0.043234,-0.24982,-0.25693,-0.066142,0.68824,0.4537,0.11058,0.051744,0.056879,0.27585,-2.3257,-0.7669,-1.7879,-1.6524,-1.8557,-0.17342,-1.0533,-1.2136,-1.6926,-0.24416,-4.5979,-0.8717,-0.61208,0.35047,-1.5822,-0.010079,0.24694,-0.83645,-0.87985,0.65597,0.12705,0.66039,0.47818,0.41757,-1.1277,1.1157,-0.47941,0.43363,-0.64276,-0.10707,0.048801,-0.74386,-4.5626,0.49891,-0.33064,1.1815,-0.039638,0.56164,-0.19707,-1.398,0.32759,0.71308,-0.28979,0.024701,0.045849,-0.8169,-0.74823,0.44214,-0.040122,-1.1511,0.37186,0.78044,0.7872,0.89429,1.0613,-0.73038,-0.3589,0.49089,0.50398,-1.2946,0.27564,-0.5578,0.66186,-0.2483,-0.39866,-0.95134,-3.9842,-3.4628,-1.1389,0.6277,0.060264,0.65037,0.27675,-0.066302,-0.010865,-1.3117,-1.0402,0.26824,-0.91838,0.088095,0.081158,-1.0408,0.87315,-0.92781,-0.38998,0.81336,-1.7796,-0.19745,-1.685,0.27373,0.97402,0.59484,-0.051304,-1.0132,-1.0883,0.65672,0.045058,0.89756,0.73583,-0.29112,-0.77502,0.2849,0.391,0.26571,1.0268,0.23717,0.66135,0.71692,0.19684,0.84402,0.20275,1.5638,1.62,-0.33113,-0.65955,-0.12398,-1.9187,-0.50539,0.84352,0.09089,0.30095,-0.29171,-0.099985,0.69075,0.83719,-0.59283,0.85645,1.2503,0.78143,0.35987,-0.24386,-1.0752,-0.07568,-1.3419,0.71439,-1.8719,-2.9281,0.90905,-1.3444,-0.2592,1.5047,-1.3419,-0.44285,-1.1704,0.37581,0.47471,-0.41364,-3.6765,-0.23471,0.74534,-0.69405,-0.56105,0.66543,-0.22965,0.25358,-0.19024,0.53222,-1.239,0.66501,0.44327,0.58484,0.83779,-2.794,0.59756,0.93981,-3.7539,0.53399,0.42381,1.1446,-0.52626,-0.051462,-1.223,-0.23356,0.26826,0.32758,0.79318,0.60209,-0.10058,0.35794,0.68915,-0.9313,0.72478,1.0448,0.43426,0.34189,-0.95741,0.65459,1.0517,0.93644,-0.34548,-0.021916,1.2865,0.64608
-4.9227,-5.9421,-11,-11,-11,-11,-6.7992,-11,-11,-11,-11,-11,-11,-11,-11,-11,-4.6923,-11,-6.7264,-11,-11,-11,-11,-11,-11,-11,-5.4744,-11,-11,-11,-11,-11,-11,-11,-11,-5.565,-11,-5.308,-11,-11,-11,-11,-11,-11,-5.5742,-6.5884,-11,-11,-11,-11,-11,-11,-11,-11,-11,-11,-11,-11,-11,-3.7883,-11,-11,-11,-11,-5.6394,-11,-11,-11,-11,-11,-11,-11,-11,-11,-11,-11,-11,-11,-11,-11,-11,-11,-11,-11,-5.6311,-5.5578,-5.0016,-11,-11,-4.9461,-4.3062,-11,-11,-11,-11,-11,-11,-11,-11,-9.1385,-11,-11,-11,-11,-11,-11,-11,-6.1429,-4.2858,-11,-11,-11,-11,-11,-11,-11,-11,-3.4524,-2.8049,-11,-4.5949,-11,-11,-11,-11,-11,-11,-11,-11,-11,-11,-11,-11,-11,-11,-5.8837,-5.9536,-11,-11,-11,-11,-5.2611,-11,-11,-11,-11,-11,-5.2719,-11,-11,-11,-6.7503,-11,-11,-11,-11,-11,-5.186,-11,-11,-11,-11,-11,-11,-11,-11,-11,-11,-11,-4.8919,-4.2642,-4.5762,-11,-11,-11,-11,-11,-4.8721,-5.8442,-11,-11,-11,-11,-11,-11,-11,-11,-11,-11,-11,-11,-11,-11,-11,-11,-5.9374,-11,-11,-11,-11,-11,-11,-11,-11,-11,-11,-11,-11,-4.414,-11,-4.5715,-11,-5.2587,-11,-11,-11,-11,-11,-11,-11,-11,-11,-11,-11,-11
-11,-11,-11,-11,-11,-11,-11,-11,-11,-11,-11,-11,-11,-11,-11,-11,-11,-11,-11,-11,-4.0841,-11,-11,-11,-11,-11,-11,-11,-11,-11,-11,-11,-5.0836,-11,-11,-11,-11,-11,-11,-4.1905,-11,-11,-11,-4.7567,-11,-11,-11,-11,-11,-1.889,-11,-11,-11,-11,-11,-11,-11,-4.0834,-11,-11,-11,-11,-11,-11,-4.2617,-11,-11,-11,-11,-11,-11,-11,-11,-11,-11,-11,-11,-11,-11,-11,-11,-11,-11,-11,-11,-11,-11,-11,-11,-11,-11,-11,-11,-11,-11,-11,-4.0913,-11,-11,-11,-11,-11,-11,-11,-11,-11,-11,-11,-11,-11,-11,-11,-11,-11,-11,-11,-11,-11,-11,-11,-4.1135,-11,-11,-11,-11,-11,-11,-11,-11,-11,-11,-11,-11,-11,-11,-11,-11,-11,-11,-11,-11,-11,-11,-11,-11,-11,-11,-4.6032,-11,-11,-11,-11,-11,-11,-11,-11,-11,-11,-11,-11,-11,-11,-11,-11,-11,-11,-11,-11,-11,-11,-11,-11,-11,-11,-11,-11,-11,-11,-11,-11,-11,-4.1588,-11,-11,-11,-11,-11,-11,-11,-11,-11,-4.4839,-11,-11,-11,-11,-4.2663,-11,-11,-11,-11,-11,-11,-11,-11,-11,-11,-11,-11,-11,-11,-11,-11,-11,-11,-3.9408,-3.6995,-11,-11,-11,-11,-7.2722,-11,-11,-11
-11,-11,-11,-11,-11,-11,-11,-11,-11,-11,-11,-11,-11,-11,-11,-11,-11,-11,-6.064,-11,-11,-6.287,-11,-11,-11,-11,-11,-11,-11,-11,-11,-11,-11,-11,-11,-11,-11,-4.9184,-11,-11,-11,-11,-5.3696,-11,-11,-11,-11,-11,-11,-11,-11,-11,-11,-11,-11,-11,-11,-11,-11,-11,-11,-11,-11,-11,-11,-11,-11,-11,-11,-5.5804,-11,-11,-11,-11,-11,-11,-11,-11,-11,-11,-4.9975,-11,-11,-11,-11,-11,-11,-11,-11,-11,-11,-11,-11,-11,-11,-11,-11,-11,-11,-11,-11,-11,-11,-11,-11,-11,-11,-11,-11,-11,-11,-5.2307,-5.6849,-11,-4.418,-11,-11,-11,-11,-5.7883,-4.4801,-4.83,-11,-11,-11,-11,-11,-11,-11,-4.7215,-11,-11,-11,-11,-11,-11,-11,-11,-11,-11,-11,-11,-11,-11,-11,-11,-5.0246,-11,-11,-11,-11,-11,-11,-11,-11,-11,-11,-11,-11,-11,-4.2553,-4.8764,-4.8122,-11,-11,-11,-11,-11,-11,-11,-11,-11,-11,-11,-11,-11,-11,-11,-11,-11,-6.0552,-11,-11,-11,-11,-11,-11,-11,-11,-11,-11,-4.4747,-11,-11,-11,-11,-11,-11,-11,-11,-11,-4.7426,-11,-11,-11,-11,-11,-11,-11,-11,-11,-4.2348,-11,-3.6613,-11,-11,-11,-11,-11,-11,-11,-11,-11,-11,-11
-4.1812,-5.4485,-3.7605,-4.3683,-4.9372,-4.0222,-4.6657,-4.2964,-3.8031,-6.2305,-5.4743,-4.3649,-3.9284,-4.8088,-4.5276,-3.2102,-5.6693,-6.3322,-4.7363,-3.5441,-4.4596,-5.4438,-4.7717,-4.4258,-3.5656,-4.5809,-3.6783,-4.5867,-4.47,-3.5809,-4.522,-4.3702,-5.1891,-4.3744,-3.9551,-3.8484,-4.8568,-5.0378,-4.2078,-3.578,-4.7092,-3.8277,-3.1927,-3.6595,-3.0669,-3.6168,-4.7178,-4.8988,-3.9524,-3.9472,-4.0206,-3.5462,-4.5279,-3.1404,-3.8043,-4.1053,-4.5903,-4.1857,-2.822,-3.6253,-4.3206,-5.3966,-2.9987,-2.2315,-4.4304,-3.6107,-4.2513,-3.3973,-3.9201,-3.9306,-3.9889,-4.6508,-5.3664,-2.9416,-3.304,-3.4,-3.1397,-3.702,-3.0109,-1.7254,-3.9791,-2.5788,-3.135,-3.9413,-2.0905,-3.709,-2.8066,-4.5155,-2.907,-3.5628,-4.239,-2.9018,-3.6851,-3.6552,-1.537,-3.1289,-2.643,-5.8103,-4.3714,-6.4642,-4.9825,-4.9404,-3.2294,-4.1374,-2.5404,-3.4045,-5.1641,-4.3201,-4.0655,-3.5661,-4.0464,-4.4361,-5.4993,-5.3177,-6.0808,-5.8461,-4.8723,-3.5631,-3.5948,-6.3421,-4.8502,-3.955,-3.9546,-4.3836,-2.7143,-3.2441,-2.3104,-4.0242,-3.6657,-3.2728,-2.86,-5.0996,-2.9402,-5.2138,-2.4421,-3.6288,-4.6343,-4.1611,-5.8506,-4.5399,-4.7763,-2.8963,-3.4869,-3.3266,-4.9824,-5.1026,-5.4244,-5.4796,-6.9605,-4.6617,-4.1952,-5.0411,-5.463,-4.702,-3.1662,-5.2539,-6.1804,-5.314,-3.0765,-3.9886,-3.1634,-3.9077,-4.0792,-5.1732,-3.3423,-3.6558,-3.481,-3.6079,-3.9661,-2.1593,-3.5019,-3.8122,-3.9407,-5.2429,-3.6949,-3.2381,-4.079,-2.6264,-5.334,-4.8319,-3.7476,-6.1485,-5.3209,-4.4248,-4.9807,-5.0731,-3.8919,-3.6526,-3.1645,-4.9011,-3.773,-3.4416,-4.1481,-3.2707,-3.314,-3.4275,-2.8504,-5.1075,-4.0373,-4.1865,-4.2006,-6.6043,-5.0677,-4.7076,-4.1638,-6.7329,-4.1173,-4.9785,-5.9144,-4.5921,-4.2916,-4.6099,-7.3222,-5.1343,-5.5234,-6.498,-5.5093,-5.5367,-3.3655,-3.8345,-4.6995,-4.1415,-4.2529,-4.4892,-5.2426
0.63131,-1.3819,-0.084099,0.24163,-2.1315,0.58817,0.27636,-0.2933,0.45095,-0.019677,0.27699,-0.3805,-0.72537,0.49138,-0.13543,-0.65074,-1.2945,0.43462,-0.15921,-0.21641,-1.8166,-0.34729,0.089767,0.1137,0.28666,-1.1414,0.17158,-1.2601,-2.079,0.098787,-0.077239,0.28592,-1.6166,-1.3025,1.3265,-0.47441,-2.4263,0.46837,-1.2967,0.16891,-0.028045,0.80361,1.0868,0.94271,0.56091,0.11142,0.25393,0.27754,-0.040442,-0.76152,0.21475,0.17286,0.14231,0.14774,0.35761,0.2489,0.012653,0.093292,0.2938,0.13188,0.1619,-0.26285,0.42529,0.69535,-0.011037,0.32948,-0.15871,0.27558,0.2747,0.53083,-0.6101,1.0876,0.54901,0.39997,1.3176,0.098853,0.43198,-0.81667,0.33501,0.18465,0.93402,1.1387,0.47204,0.36834,1.0638,-0.86346,0.3859,-0.74006,1.1724,0.18541,-0.56461,0.7295,0.00090744,0.30004,0.71392,0.42496,0.34221,0.19379,-0.13259,-0.84846,-0.067525,0.81555,0.56172,1.3432,0.53078,0.66538,-0.65639,-0.14361,0.82069,0.033232,1.0191,0.68931,0.2803,-0.14535,-0.26465,0.46032,-0.20869,-1.759,0.097262,0.65884,0.81769,1.0186,0.67818,-0.089452,0.40859,-0.33632,0.39189,0.53131,0.49141,0.95074,1.1401,-0.1074,1.364,0.78594,1.1029,0.545,0.85635,0.68445,0.45694,0.64945,0.61374,0.87448,1.6681,1.4453,0.67912,0.32642,0.26567,-0.6275,-1.465,0.63617,-0.35949,-3.6658,0.77534,0.30202,0.94832,0.22152,0.34411,-0.69834,0.48415,0.942,1.0121,1.5839,0.32504,0.76406,1.1944,1.1261,0.94756,-1.476,0.38396,0.97385,0.95248,1.2001,1.4208,0.86504,1.4974,2.0143,-0.34057,0.76902,0.20105,1.9403,0.5361,0.32267,0.76692,-0.22292,-0.31445,0.6453,0.63366,0.37384,0.64382,1.5839,0.44693,0.76996,0.24993,0.85402,1.2817,0.85913,1.1512,-0.6133,-1.0263,0.35401,0.73807,0.34887,-0.053272,-3.4467,0.54488,-0.93497,0.85454,0.90089,-1.1401,0.20406,-0.33547,0.36667,-0.38216,0.93205,0.04837,-0.21728,-1.3186,-0.59992,-0.39659,0.5179,0.12705,0.95634,0.89451,0.77305,0.067252
0.028875,-2.7152,-3.3166,-4.6069,-4.2292,-3.7656,-4.6535,-11,-0.99848,-11,-2.7931,-11,-3.4804,-11,-3.618,-2.7318,-3.8854,-11,-3.0522,-11,-3.8655,-4.4444,-11,-4.3155,-1.5638,-1.623,-4.4922,-3.3454,-3.7843,-11,-2.4776,-11,-2.8526,-3.8909,-2.7171,-11,-11,-2.7143,-1.8136,-0.32001,-5.1124,-2.9002,-1.2023,0.68732,-4.8999,-1.8766,-4.0281,-4.6261,-11,-11,-11,-3.667,-3.7963,-1.338,-2.9181,-4.4137,-3.522,-3.7268,-11,-3.428,-4.2822,-11,-11,-1.7351,-4.4503,-3.1567,-11,-3.5089,-3.602,-11,-4.5501,-2.094,-3.6574,-3.6186,-11,-2.9754,-2.3332,-3.0639,-11,-11,-2.1797,-3.5055,-3.9033,-2.3295,-11,-3.8421,-2.1863,-3.8195,-11,-2.8075,-3.3187,-0.77676,-3.0427,-3.4988,-11,-11,-11,-3.9824,-3.7642,-4.6582,-2.6957,-2.3996,-11,-1.437,-3.7915,-11,-2.5788,-2.8778,-11,-0.83972,-4.4463,-1.8,-4.449,-11,-11,-2.2339,-1.4988,-2.7802,-2.1575,-11,-0.93929,-1.4661,-1.2336,-2.6571,-11,-4.1839,-0.18644,-4.1175,-11,-2.1245,-2.6922,-3.673,-1.0249,-11,-3.6717,-1.3531,-2.3123,-1.8479,-3.1756,-2.5904,-2.7765,-1.6135,-3.1911,-0.301,-1.6668,-2.712,-11,-3.4749,-11,-11,-3.043,-2.458,-11,-2.8178,-2.186,-3.8964,-3.5792,-2.9177,-11,-3.7042,-11,-0.40613,-2.6041,-0.96198,0.84872,-2.352,-4.0315,-2.957,-1.7189,-1.3153,-0.54538,-2.176,-1.5786,-11,-0.70185,-1.4352,-11,-1.6036,-3.0321,-1.5074,-2.7302,-1.9583,-11,-11,-11,-11,-11,-1.701,-4.2433,-3.0632,-11,-11,-11,-4.6607,-3.5423,-11,-11,-11,-2.408,-11,-3.2378,-2.1925,-3.3013,-3.5075,-1.5349,-11,-3.9581,-3.0207,-11,-4.1417,-4.2791,-2.9353,-11,-11,-11,-2.0666,-3.9762,-4.0602,-11,-4.1252,-2.917,-1.1057,-4.0729,-4.0544,-11
-1.3537,-2.8856,-2.9369,-3.2537,-5.5638,-2.8176,-3.5794,-2.2277,-1.3904,-2.6466,-0.81858,-2.0095,-11,-3.656,-7.5281,-11,-4.6057,-11,-0.35214,-4.21,-1.6445,-3.9742,-4.3099,-3.8758,-5.0799,-5.4881,-3.8143,-11,-3.2365,-1.0986,-3.7545,-2.822,-4.3585,-3.1883,-3.9095,-1.1879,-1.9932,-3.2412,-4.9301,-1.0083,-6.0888,-2.5561,-2.8842,-1.0275,-11,-7.6121,-3.1075,-11,-6.5479,-11,-11,-6.4951,-8.7166,-4.8216,-6.4073,-5.5774,-3.5967,-4.9476,-4.8742,-4.9659,-8.9712,-5.1333,-3.4837,-11,-11,-6.1261,-3.9771,-3.8358,-11,-4.1153,-11,-11,-11,-11,-3.8187,-3.6543,-11,-5.7106,-11,-6.64,-4.5414,-4.1181,-11,-11,-5.165,-7.3786,-4.5143,-11,-1.547,-11,-11,-3.852,-4.3735,-3.4759,-3.9822,-11,-5.6567,-4.9055,-11,-11,-11,-3.7116,-4.6926,-2.0246,-11,-5.1229,-11,-3.9871,-3.4861,-5.787,-11,-5.2615,-11,-11,-5.0685,-8.5322,-1.6312,-4.7727,-4.8005,-5.2458,-11,-3.743,-5.3842,-3.7813,-4.3161,-6.6778,-6.0724,-11,-4.3357,-6.2052,-6.0148,-6.9965,-5.1904,-11,-6.2911,-11,-4.8138,-5.7142,-2.3696,-2.6936,-8.4577,-11,-2.5713,-5.3792,-4.0426,-3.2749,-3.5115,-3.8954,-4.602,-5.807,-6.6266,-5.4378,-4.0547,-5.2758,-3.8429,-11,-11,-11,-11,-5.775,-11,-4.9159,-3.5559,-11,-3.3516,-4.9173,-4.0408,-5.4592,-11,-2.8275,-1.8891,-6.4915,-1.9403,-5.6455,-3.8605,-3.872,-11,-11,-4.8614,-11,-3.1034,-3.7888,-3.5291,-3.1492,-5.0844,-11,-11,-4.4576,-4.0341,-11,-3.5597,-6.0619,-2.3631,-4.9791,-11,-2.832,-4.7003,-3.9243,-6.4709,-4.2117,-3.8249,-4.9183,-3.9353,-4.3731,-2.5801,-3.5795,-6.4407,-11,-11,-3.2602,-7.3078,-3.567,-5.3781,-3.3609,-3.6956,-3.1471,-6.2066,-4.7138,-5.3975,-5.4,-8.3146,-4.6341,-5.0537,-11,-5.6631
-11,-2.6646,-3.8313,-5.1888,-3.4288,-3.9025,-11,-2.131,-1.759,-11,-2.5315,-3.5567,-4.0395,-5.2833,-11,-5.1217,-4.1003,-3.7978,-4.213,-3.1995,-4.529,-4.233,-2.261,-4.7906,-6.1168,-5.0878,-11,-5.462,-4.085,-2.8675,-4.9767,-5.025,-2.6767,-4.3644,-11,-2.9251,-4.2637,-2.241,-2.8263,-4.7771,-3.1498,-2.3317,-1.7902,0.15733,-3.6501,-2.8307,-4.7503,-4.8552,-11,-11,-11,-3.2137,-4.0512,-11,-11,-11,-4.0503,-11,-11,-4.1141,-4.532,-2.7697,-11,-2.1681,-4.5883,-11,-11,-11,-2.7135,-11,-11,-2.8499,-11,-5.5893,-3.2776,-4.2084,-3.7075,-11,-11,-11,-3.8824,-1.8463,-3.3658,-11,-11,-3.0162,-4.4368,-4.4175,-11,-11,-4.7637,-11,-11,-11,-11,-11,-4.1819,-11,-11,-3.2076,-5.0048,-11,-11,-1.6336,-2.9344,-4.1158,-4.119,-11,-3.3574,-11,-3.3249,-4.3943,-3.9424,-11,-2.8138,-2.5603,-2.2963,-2.0891,-11,-4.1888,-2.8822,-3.8069,-11,-1.7095,-4.895,-4.495,-3.5486,-4.1298,-4.8904,-11,-2.5283,-3.0871,-3.9502,-11,-11,-11,-4.1786,-4.7122,-4.2535,-11,-11,-4.0557,-2.6008,-11,-3.2785,-11,-2.0409,-3.4707,-4.2926,-4.6001,-1.6905,-11,-2.0701,-2.4294,-3.7228,-5.1598,-1.6042,-4.6332,-11,-11,-11,-1.1268,-0.66884,-4.0539,-11,-11,-4.3826,-11,-11,-3.4332,-1.6491,-3.0459,-2.4033,-11,-11,-11,-3.6556,-11,-2.5035,-3.5346,-11,-11,-11,-11,-3.5824,-3.8219,-11,-11,-11,-4.3473,-2.983,-11,-2.7497,-11,-11,-3.0555,-2.3471,-11,-3.7401,-4.9426,-3.3886,-3.5958,-11,-11,-2.9188,-11,-2.3194,-1.7633,-11,-2.2521,-11,-3.2578,-4.6325,-11,-1.2005,-2.8931,-4.9997,-11,-11,-2.8408,-4.4687,-2.5764,-4.2843,-3.3886,-11
-2.7954,-2.4967,-3.7296,-2.3231,-3.3836,-0.94488,-2.6963,-2.0088,-1.7035,-4.4695,-5.6414,-3.9611,-0.43245,-0.78677,-2.7428,-1.7246,-1.5177,-1.6436,-3.4292,-2.0392,-4.1075,-2.9532,-2.5449,-11,-4.7463,-1.9533,-1.593,-1.8929,-4.1045,-4.8685,-3.1069,-1.5641,-1.6824,-3.289,-0.63085,-3.8295,-4.2049,-2.9005,-1.2394,-2.2326,-3.7,-4.7001,-3.9039,-3.2448,-3.036,-2.4909,-2.7929,-2.8233,-2.0888,-1.2151,-1.7904,-0.63212,-2.3036,-0.25673,-4.5447,-0.0592,-2.1957,-0.98037,-0.78651,-4.1882,-3.8613,-1.9181,-3.2109,-1.5928,-3.1946,-1.5666,-5.1647,-3.8289,-2.9162,-1.139,-1.6817,-3.7201,-3.1993,-1.4525,-3.4047,-2.5572,-1.6205,-3.6229,-1.3349,-0.39568,-1.0732,-4.0208,-2.4005,-4.5832,-2.2022,-2.5522,-2.4925,-4.3239,-0.78586,-1.9178,-3.8474,-1.2959,-4.3852,-0.84349,-11,-1.2684,-0.040927,-2.0721,-2.6725,-4.5014,-2.6238,-2.9425,-1.6269,-2.1595,-0.99917,-0.76182,-0.59126,-2.0015,-3.0364,-1.8312,-0.83026,-1.4592,-11,-11,-2.3343,-1.1161,-0.70909,-1.1114,0.38056,-2.5558,-1.6466,-2.6727,-11,-1.6124,-2.1281,-1.6883,-1.9158,-2.5762,-2.4667,-0.86447,-0.49161,-1.8234,-2.01,-2.2628,-1.7964,-0.95398,-1.8227,-1.0871,-0.67628,-3.2947,-2.4077,-0.83159,-11,-1.7549,-2.1021,-1.2796,-2.1819,-2.1545,-2.6628,-0.82855,-0.42608,-3.0747,-2.4236,-0.36299,-1.0679,-1.9822,-1.2695,-11,0.26887,-1.5506,-0.91816,-0.80441,-2.4368,-4.0218,-3.2233,-2.1117,-2.5741,-1.6695,-1.6045,1.1832,-2.5597,0.55173,-1.2304,-0.25334,-1.5975,-1.2901,-1.6429,-4.1569,-0.67201,-1.4564,-4.8249,-0.91755,-1.2821,-3.343,-11,-3.5267,-2.2949,-4.0343,-3.1116,-1.5547,-3.4223,-0.69232,-1.7347,-3.5124,-1.3618,-1.2968,-2.0814,-4.1781,-2.9181,-2.7457,-1.8957,-3.1397,-3.8996,-3.3011,-1.7013,-3.9874,-1.7543,-1.2685,-2.0645,-3.5389,-4.4808,-2.2782,-4.7032,-1.0316,-4.0251,-2.5351,-2.3383,-2.2685,-0.63827,-2.6227,-0.81883,-1.7673,-0.91123,-1.7974,-0.96961
-0.52756,-1.5583,-0.99436,-1.4656,-1.1008,-1.3672,-1.0138,-1.6839,-2.1958,-1.658,-3.276,-1.2111,-0.84706,-1.4295,-1.9712,-2.2842,-1.7269,-1.6347,-2.3972,-2.7247,-1.8805,-1.7266,-2.3181,-1.7924,-1.6116,-2.5964,-1.8823,-3.316,-2.2824,-1.6747,-1.5277,-1.4459,-1.5394,-1.4659,-0.48364,-2.2325,-2.0176,-0.5701,-1.5773,-2.1495,-1.9805,-0.64042,-0.74316,-1.0563,-3.5125,-1.9493,-0.90731,-1.8753,-1.585,-0.0034305,-2.3981,-1.6343,-2.8155,-1.1222,-3.8902,-2.2463,-3.6631,0.28041,-1.4715,-1.577,-1.2595,-1.1447,-1.6237,-0.49903,-2.9011,-1.5486,-1.5257,-1.7754,-1.571,-2.1551,-1.2278,-3.1385,-2.5225,-1.5403,-3.2779,-2.02,-2.121,-1.5649,-2.0756,-0.024481,-0.35624,-0.32086,-0.44935,-2.7885,-1.1376,-1.1506,-0.25466,-1.7753,-1.4661,-2.0144,-2.0947,-1.2702,-1.2392,-1.8103,-3.0884,-1.4961,-0.89696,-1.7436,-2.8499,-1.2292,-1.793,-0.58538,-1.1101,-3.043,-0.86706,-0.29662,-1.7975,-0.40696,-2.1629,-2.7635,-0.8003,-2.9977,-1.9959,-1.4792,-2.8256,-2.7021,-1.1978,0.3739,-1.4452,-2.2933,-1.3055,-1.2076,-0.53846,-3.6438,-1.417,-1.3744,-1.3458,-1.972,-1.9764,-0.80513,-2.0871,-1.6318,-4.9449,-0.95286,-0.85715,-0.30257,-1.0304,-2.7101,-2.4043,-2.9739,-3.2377,-0.088121,-2.8878,-1.0428,-0.8851,-2.2632,-1.1592,-2.1606,-0.85913,-2.8545,-1.5233,-1.1677,-2.0306,-1.6643,-2.135,-1.4925,-1.7237,-1.8413,-2.7508,-3.2261,-1.6984,-0.48456,-0.97137,-1.5524,-3.0683,-3.3952,-2.1756,-1.1331,-0.96937,-2.9484,-4.0318,0.34907,-0.8345,-1.4288,-2.8342,-0.88514,-2.0459,-2.3257,-1.9709,-1.0512,-2.2301,-0.71482,-1.1816,-2.8431,-1.8806,-1.0609,-2.1367,-1.5436,-1.8022,-0.88942,-1.285,-0.74922,-1.9369,-2.8871,-0.59924,-1.4259,-0.50942,-2.68,-2.4328,-2.3801,-0.45345,-2.4529,-2.0626,-1.8375,-0.80698,-2.0331,-1.2482,-2.138,-1.7858,-3.0732,-2.5927,-1.896,-3.973,-0.82018,-1.1255,-1.9188,-2.8207,-2.4965,-2.0938,-1.4777,-1.0132,0.20928,-2.6263,-1.629,-0.78451
0.38718,-1.6974,0.12547,-0.69513,1.7735,0.15825,-1.0401,-0.58422,0.81878,-0.76639,-0.23401,0.73787,0.064929,-2.1264,-0.4179,0.38869,-0.56413,0.86411,-0.59288,-0.27568,-0.89147,0.36607,-0.62659,1.217,-2.0576,0.86672,-0.14437,0.52648,1.4642,0.61543,-0.12578,-0.25918,1.0728,-0.052725,-1.5818,-0.25954,0.1613,1.2986,1.2724,-0.25013,-0.466,-0.93059,0.51714,-1.5911,-1.3795,-0.96948,-0.31863,-1.4998,-0.91548,0.87405,-1.2256,-0.34232,-4.111,-1.7606,-3.0098,0.015263,-2.0753,0.0032565,-0.74268,0.18272,-3.21,0.33495,-0.88739,0.66088,-1.4654,-0.71228,-0.33428,0.49439,-1.2893,-0.6321,-2.0655,-3.8426,-0.82669,-0.44696,-0.5571,-0.77764,-0.70932,1.0958,-2.8756,2.4956,-1.8754,-1.0584,-0.56635,-1.397,-0.22494,1.117,0.13435,-0.86631,-1.6018,-0.36956,-0.59409,-2.0753,-0.41198,-0.051641,0.40851,-1.1309,-0.8497,-0.64537,-1.2335,-1.0744,-0.44707,0.14724,-0.97229,0.19771,-0.58566,-0.39192,-0.11683,0.78151,-2.026,-0.27471,-1.5113,-1.7783,-1.6159,-1.0158,-0.94342,-0.028251,-0.31886,1.4431,-0.080716,-1.6686,-1.845,-0.32331,0.82554,-0.12022,-0.20785,-0.83526,-1.0427,-1.1449,-0.41894,0.48702,-0.97164,0.0036986,-0.86575,-1.4478,-2.9698,0.90926,-1.0085,-1.5317,0.073626,-0.38505,-0.75621,0.078781,-1.1845,-0.23461,-0.28842,-0.30819,-0.98196,-0.29881,-0.51072,-1.4321,-1.7814,0.92721,-1.6744,-0.46176,-1.0706,0.72471,0.13187,-0.67242,-2.6491,-1.6619,-1.9475,-1.0283,-1.1165,-1.7808,-0.71954,-2.4808,-1.6784,-0.68436,0.17521,-0.23825,-3.1023,-0.28577,0.41109,-0.99599,-0.78921,-0.51092,-1.5453,-0.72396,-1.162,-2.2495,0.2626,0.31642,-2.3367,-1.7888,-0.83113,-0.74759,-1.3601,-0.16808,-1.2464,-2.552,-1.4252,-0.77668,-0.97788,-2.7197,-1.0745,-1.5034,0.040464,-0.76443,-0.22567,-1.6368,-1.2634,-1.7768,-0.010178,0.11903,-1.1537,0.15527,-1.2176,-1.089,-0.77802,-2.6164,-1.823,1.097,-1.9033,0.077164,-0.11155,-3.0159,0.067475,1.3311,1.5229,-1.5021,-1.1316,-1.4083,0.12078,-0.60381,0.08588
-11,-11,-7.5834,-8.8476,-4.9146,-7.7928,-7.8525,-8.622,-11,-5.9805,-8.838,-5.939,-5.9206,-7.7134,-5.1791,-7.5106,-4.4472,-7.1589,-11,-4.4871,-6.0241,-5.3245,-7.3602,-6.6658,-5.6921,-8.2734,-6.2278,-8.2174,-5.8346,-11,-7.1441,-6.7898,-11,-5.035,-7.6325,-11,-4.8386,-5.9584,-6.1848,-11,-7.2078,-6.4005,-6.2884,-11,-7.4579,-11,-11,-11,-8.5503,-11,-8.1971,-6.5709,-7.9576,-5.5954,-8.7948,-7.6775,-11,-5.4274,-8.6175,-11,-8.0612,-7.2876,-8.5046,-7.6983,-7.2663,-8.2261,-11,-7.3569,-11,-8.0956,-11,-11,-11,-6.9998,-11,-8.6956,-7.6486,-11,-11,-11,-11,-8.0116,-11,-4.7478,-5.228,-7.5768,-7.6822,-11,-11,-6.1448,-7.9491,-11,-11,-7.1453,-11,-7.8839,-6.2364,-11,-8.8696,-7.8582,-8.6242,-7.3938,-6.9096,-11,-6.1623,-8.1938,-11,-11,-11,-11,-11,-7.3851,-4.9494,-6.8912,-6.3552,-11,-11,-11,-11,-8.159,-11,-6.9317,-11,-7.5869,-8.0162,-11,-7.137,-11,-11,-5.0706,-7.7026,-7.591,-8.3464,-7.2636,-7.6175,-6.8504,-7.1617,-11,-7.2652,-7.4948,-5.6295,-7.4083,-5.6231,-6.6513,-6.5026,-11,-11,-11,-11,-8.1809,-7.8276,-11,-8.7977,-11,-8.7388,-7.508,-11,-11,-11,-7.1037,-7.4202,-11,-11,-5.7904,-7.7537,-11,-7.0113,-11,-6.8059,-11,-11,-11,-11,-11,-11,-11,-4.8993,-6.1803,-5.9374,-8.6546,-11,-7.744,-11,-6.6345,-7.1532,-11,-9.1537,-6.2686,-6.5515,-11,-4.7345,-5.4656,-7.1515,-5.3259,-7.0467,-6.7249,-11,-6.5335,-9.1304,-6.226,-5.044,-11,-7.8693,-5.5936,-11,-6.8876,-11,-11,-7.9792,-6.8091,-6.9184,-6.553,-8.683,-11,-8.2299,-11,-7.9002,-7.4385,-11,-6.7217,-5.7272,-11,-6.1537,-4.7812,-5.9359
-3.7209,-4.3024,-6.5853,-11,-11,-11,-11,-11,-11,-11,-11,-11,-2.6976,-11,-11,-11,-11,-11,-11,-11,-11,-11,-11,-11,-2.7714,-11,-11,-11,-3.6828,-11,-11,-4.8691,-11,-11,-11,-11,-11,-11,-11,-11,-11,-11,-11,-11,-11,-11,-4.4691,-11,-11,-11,-11,-11,-11,-5.8484,-11,-5.1248,-11,-11,-11,-4.4018,-5.0148,-11,-11,-11,-3.3523,-8.2331,-11,-2.3182,-4.2197,-11,-11,-11,-11,-11,-5.4293,-11,-11,-7.6013,-11,-11,-11,-3.0566,-11,-4.2253,-11,-11,-11,-11,-2.4884,-11,-11,-11,-11,-11,-11,-11,-11,-11,-11,-2.3193,-11,-4.127,-4.2653,-0.84076,-11,-11,-11,-11,-11,-11,-4.2918,-11,-11,-11,-4.0899,-11,-11,-11,-11,-3.2274,-11,-11,-11,-4.3809,-11,-11,-3.4192,-11,-11,-11,-11,-11,-11,-11,-11,-2.4236,-11,-11,-11,-11,-4.6486,-11,-11,-11,-11,-11,-11,-11,-3.6536,-11,-11,-11,-4.6092,-11,-11,-11,-11,-11,-11,-11,-11,-11,-11,-1.9509,-2.747,-3.7704,-3.3664,-11,-11,-11,-11,-11,-4.9504,-11,-11,-11,-11,-11,-11,-11,-9.6335,-2.1515,-11,-11,-11,-11,-4.1585,-11,-11,-11,-11,-11,-3.6926,-11,-3.5614,-11,-11,-11,-11,-4.7867,-11,-3.8219,-11,-11,-3.6263,-11,-4.215,-11,-4.9423,-11,-11,-11,-11,-11,-11,-3.8808,-11,-11,-11,-3.5153,-11,-6.6704,-3.9623,-11,-11
