-0.17026,0.70671,1.1984,0.41858,0.44045,1.4357,2.0753,2.0352,2.2851,1.7247,1.1052,2.175,2.1259,0.96456,0.59292,-0.06433,1.8854,-0.67227,2.3539,1.5688,2.7278,1.2927,0.24162,-0.59909,-0.89617,1.1234,-1.1448,-1.5677,0.55727,1.1417,-0.28795,0.15688,0.29685,1.0545,0.27706,1.4789,-1.3378,-0.34189,1.3448,-0.573,0.70406,2.8344,0.91209,0.62048,2.3257,3.543,2.9073,0.34344,0.98771,3.3688,4.4314,2.9292,3.5158,3.2616,3.0187,3.2426,3.1382,4.6887,4.6192,3.0551
1.7014,2.8415,1.6303,2.4987,0.69917,2.1019,2.6043,3.003,2.1915,0.77722,0.035315,1.5275,-0.33546,0.78025,1.7413,0.17174,0.72746,0.26085,0.3522,-0.14705,1.2553,-0.30125,0.93439,-0.25805,-0.6316,-0.32347,-1.3763,-3.0404,-0.78011,-2.1981,1.3743,-0.85871,-1.2657,-2.066,1.3571,0.49906,-1.1787,-0.4847,1.2143,-0.19256,-0.59067,-0.062543,0.28184,0.68067,2.2676,1.0604,2.0497,2.4253,0.52419,1.6845,3.2446,3.3218,3.4347,2.3145,1.4937,2.2215,2.9335,3.7084,3.3483,4.0971
1.5874,1.3596,1.848,0.74306,1.9131,1.5575,2.8667,1.1646,0.46294,2.0292,0.68353,0.45521,-0.42508,0.92592,-0.07441,0.33452,0.90113,0.78606,0.46926,-0.64672,-3.0191,-0.86598,1.0528,1.28,-3.2058,0.25465,-1.4556,-1.6712,-1.0903,-1.4889,-0.85434,-1.0872,-1.8133,0.39471,-0.97918,-1.2899,-0.87266,-0.989,-1.8601,0.36153,0.58547,-0.92164,0.69854,1.7051,1.1769,1.306,0.98165,2.0358,1.6819,2.7053,2.7058,1.9162,3.2572,2.2242,2.0312,0.35943,0.98303,1.2298,3.175,2.2637
1.636,-0.67814,-0.70544,0.63188,-2.1444,0.94222,1.1321,-1.3034,0.27527,0.13339,-1.0506,-1.2339,-1.5561,-0.72563,-2.0279,-0.57613,-1.9464,-1.046,-0.9993,-1.2386,0.37403,-0.77401,-0.15059,-1.0336,-1.1478,-2.232,-2.0555,-0.31132,-3.0486,-2.9775,-3.3349,-2.1282,-2.5712,-1.2987,-3.7643,-0.64898,-1.8101,-0.031903,-1.1629,-3.0881,-0.081057,0.0014935,0.35619,-0.055871,-0.18784,-0.11264,0.94746,0.027442,0.18089,1.766,0.78868,0.05056,2.411,2.7538,1.9953,2.9959,1.0319,2.0656,1.4492,2.1996
1.1188,1.5545,0.45813,3.1945,0.88064,1.627,1.3652,1.5671,2.3865,1.7768,0.87026,1.1924,2.0373,1.9758,0.26695,1.2292,1.8107,2.8505,-0.23214,0.76928,0.44975,0.15565,-0.041481,0.75573,-0.46845,-0.77985,0.048124,-0.13397,-2.2482,-0.18008,0.73915,-0.33204,0.75335,-0.28521,-0.90259,-0.93034,0.18729,1.2964,-0.67836,-0.69213,-0.5328,1.78,1.4054,1.1533,0.50469,1.3338,1.6357,3.4272,-0.51426,3.5409,0.84391,3.415,2.591,3.0242,3.371,3.151,3.9035,2.2766,3.5002,3.2878
2.1877,0.035106,0.40401,0.80289,1.4283,1.0659,1.0962,-0.27267,1.8263,2.4716,1.1238,0.95925,0.68895,1.5067,-0.32811,0.81864,0.33373,0.18022,1.791,0.9738,0.35156,-0.66485,-0.86077,0.45844,0.73009,-1.2084,-0.89925,-0.042689,-2.177,-1.6454,-0.33812,-1.3108,0.23657,-1.7901,-1.2194,-0.88273,0.8983,0.69523,1.2081,2.6931,1.2769,0.47825,3.2001,0.59337,3.6697,0.78238,2.4119,1.3117,2.3453,1.9413,4.2276,3.9942,4.0416,3.6827,5.5565,3.0027,1.7091,2.9746,3.7853,3.3703
0.47826,-0.60533,1.6215,2.1645,1.7287,1.3413,3.012,2.0525,3.017,2.3943,0.42816,1.2589,2.4752,2.8573,1.2842,3.4956,-0.58486,0.55382,1.4821,2.2084,0.63128,-1.3503,1.6123,0.93029,-0.34349,1.0194,0.97069,-0.80649,0.77205,0.075046,-0.94422,-1.0318,-0.22438,-0.70398,-0.35547,-0.003474,1.0884,-0.77042,0.78578,-2.445,-1.3559,1.0215,3.1686,3.3779,3.2803,-0.0065935,0.76968,1.9221,2.0053,3.1392,1.2016,2.7367,2.9043,4.6459,3.1274,3.5482,2.8297,4.9171,2.4943,3.7645
-0.054002,0.92624,1.9474,3.3534,2.1359,2.3329,3.2933,1.1486,0.5398,2.0593,0.67461,3.3393,2.5003,1.0235,1.5423,0.58866,2.0622,-0.26031,1.1259,0.88705,0.2659,-0.025911,0.42542,0.54487,-0.03314,-0.23266,-0.32075,1.324,-0.22918,-0.23325,-0.41675,1.1384,0.3009,0.3842,-1.2149,1.3297,-0.22121,0.36376,-0.97012,0.2625,0.14328,2.7481,0.13682,0.888,0.84588,2.587,3.1327,1.9085,1.8937,1.8718,2.789,1.4436,3.1579,0.69225,3.0207,3.9098,4.9935,1.5204,3.9026,3.7965
-4.6285,-7.5269,-3.7361,-5.717,-5.7422,-5.3701,-4.546,-7.4561,-5.5315,-6.0762,-3.8411,-5.4274,-3.1104,-0.37225,-3.7544,-1.6126,-0.14515,0.24515,2.3251,0.4694,3.66,0.046042,1.299,3.183,3.6927,6.1418,5.3481,2.9386,0.44039,2.3241,2.8383,4.4331,4.8079,5.7122,4.8174,5.3122,3.8591,2.3937,1.5792,1.6391,3.161,2.5915,3.1957,-0.10067,2.7655,2.3405,5.6063,3.1349,1.2062,1.9478,2.4255,1.9447,1.5188,4.1206,2.6881,3.7958,1.0504,4.35,-0.0021841,-0.42058
-5.195,-7.0508,-4.4947,-6.4463,-4.2905,-6.3748,-4.8316,-6.0277,-6.5941,-5.5196,-4.3434,-5.9996,0.28514,-1.781,-4.5247,-2.2045,1.1515,0.91627,0.53191,-0.81636,0.36057,1.1457,0.42229,2.9601,5.8065,4.2613,2.4186,5.1604,0.54222,3.3398,2.5258,1.8891,3.5621,2.7458,3.7561,4.7419,4.1291,2.6228,0.4766,2.9929,1.6173,3.4265,3.953,1.1899,3.6995,2.5285,6.298,3.695,2.2004,3.8296,1.4389,-0.52195,3.0643,2.0436,2.6713,3.0172,0.82741,2.7492,1.6066,0.59206
-4.0615,-7.3841,-4.5114,-6.4424,-6.4945,-6.7206,-5.6086,-6.9103,-7.6371,-5.6584,-4.3656,-4.7512,-2.1559,-1.5808,-3.6042,-2.1322,0.5456,1.0455,0.46072,-0.90952,2.5156,2.4895,-0.32788,1.7562,4.9378,4.7582,4.2412,3.6594,1.0345,2.7213,2.6099,2.5973,4.149,2.3954,3.7868,3.139,1.2155,0.94185,3.3796,3.6084,5.094,3.5635,1.456,1.1,3.6669,1.8216,5.886,1.1883,2.16,1.88,1.571,2.1226,1.7795,2.243,2.3373,2.6412,2.0182,2.7408,1.5739,0.85392
-4.8735,-8.5634,-3.6013,-6.1415,-5.0048,-4.4416,-4.9316,-8.0736,-5.6842,-2.8148,-4.7779,-5.3408,-3.0257,-0.67813,-3.7994,-2.8445,0.50089,-0.80806,-0.38585,-1.7241,2.7649,1.7446,-0.57513,1.8867,4.9294,5.6185,2.1618,4.1386,0.56139,2.3326,1.9331,2.2097,0.88335,3.6862,1.5855,4.3384,1.9388,2.0573,1.2076,0.13157,3.7514,1.6277,4.0938,0.59853,2.8828,1.7718,5.5685,1.6829,3.4885,3.7727,1.6235,1.1201,1.5581,1.3226,3.7647,1.9849,1.5536,2.8857,0.52965,0.27454
-1.274,-0.94974,-0.59794,-2.6939,-2.328,-3.8642,-2.1218,-4.0915,-1.4712,-2.6829,-2.5654,-2.7085,-2.1257,0.40672,-2.4703,-1.8385,-1.4078,-0.90779,-0.84485,-2.6027,1.4022,-0.38182,-3.4334,-2.0613,0.8469,0.55291,0.10994,-3.6964,-1.824,-2.0944,0.67211,-2.6173,-0.15304,-0.96593,-1.8881,-1.7771,-2.7568,0.38745,0.67674,0.48435,-2.6696,-1.7698,1.2316,-0.25923,-0.93704,-0.54104,-2.8481,0.82385,-1.5895,-1.2426,1.2514,-2.7797,-1.231,-1.4135,-0.7377,-1.6374,-2.4424,-2.6165,-2.5629,-2.3998
1.1451,-0.11389,-0.68062,-0.59629,-1.7028,-3.7512,-1.5889,-2.0591,-2.4236,-2.3102,-2.5523,-1.9551,-1.1038,-0.94052,-4.2213,-2.9889,-1.3107,0.6419,-3.3473,-2.8388,-0.19499,-1.1392,-1.3539,-3.1458,-1.063,-0.14683,-0.45701,-2.8351,-1.296,-1.9189,-0.8336,-2.9982,0.13118,-2.568,-2.2083,0.56848,-2.1304,1.6876,0.90097,-1.076,-1.8072,-2.126,1.2879,-0.13166,-1.4353,-4.117,-3.1428,-1.3961,-2.2122,-2.0192,-0.29682,-3.4147,-4.1152,-1.7683,-1.1175,-2.7346,-2.9312,-1.3798,-2.1629,-5.0933
-1.4137,-1.3653,-2.505,-2.0229,-1.452,-3.6877,-2.5765,-3.835,-2.1189,-2.1995,-3.8718,-3.999,-4.5751,-0.39985,-4.4799,-2.1673,-1.5685,-3.62,-5.3823,-2.7352,-0.48746,-2.3283,-2.2925,-3.0865,-2.5905,-0.10814,0.093464,-3.0779,-0.22872,-2.6577,0.91498,-2.6274,-0.81057,-1.943,-2.8892,-1.1459,-2.4338,-0.32476,0.12356,-2.8422,-2.7667,-2.681,-0.27015,-1.9824,-0.27971,-2.3898,-2.3269,-1.3182,0.31503,-1.7332,0.96668,-3.4571,-4.0861,-1.8337,0.98239,-1.4073,-2.2762,-1.7657,-2.1211,-1.5601
-0.45765,-3.0147,-0.82657,-3.3518,-2.2345,-4.5716,-1.5127,-1.3167,-4.2675,-1.4806,-2.035,-3.2884,-1.8767,-0.71828,-4.1048,-0.66846,-0.99718,-0.2893,-3.8846,-2.6783,-1.9069,-1.3774,-3.2258,-2.8249,-1.5572,0.78415,-1.5344,-3.9423,-1.7761,-0.34075,0.40617,-1.9982,-0.21479,-4.3836,-1.4755,-2.1286,-2.8768,-0.031487,2.0085,-2.5067,-3.988,-3.4497,-0.81795,-2.5544,-0.67109,-0.56623,-3.2972,-0.38663,-1.867,-1.2079,-0.90484,-3.0238,-3.4137,-1.6828,-2.0004,-2.5649,-3.2473,-2.9505,-2.4616,-1.8879
-2.0385,-3.3841,-0.36041,-2.387,-2.824,-2.6762,-2.8948,-2.1629,-2.1844,-2.4569,-3.1964,-2.9035,-3.2795,-1.9888,-5.2374,-2.2108,-2.0307,-2.9852,-4.6589,-4.2989,-1.1764,-0.52687,-2.5279,-3.2546,-2.4727,-0.42807,-1.37,-3.6475,-1.2189,-1.1863,-1.9404,-2.6753,-2.054,-1.23,-2.6826,-2.8357,-3.4796,-0.54737,2.5661,-1.0197,-2.156,-1.2399,-1.4619,0.72231,-1.0413,-2.4382,-3.8649,-1.183,-1.3534,-0.34543,0.75702,-2.2817,-2.5446,-1.4881,-1.9727,-3.8125,-4.2711,-2.3092,-2.786,-2.4651
0.25323,-1.906,-0.68171,-1.6384,-0.69424,-1.5119,-0.76135,-3.1132,-2.3467,-3.5089,-1.0094,-3.7528,-0.98836,-1.7032,-2.0505,0.64975,-1.9965,-1.9104,-2.5794,-2.3993,-0.84499,-2.683,-0.65078,-2.2382,-3.2693,-0.16578,0.30519,-0.65259,0.51705,-1.9897,0.075045,-4.0737,0.086458,-1.4648,-1.3083,-1.5617,-2.71,-0.80168,0.78112,-1.7166,-2.2814,-1.1913,-0.48121,0.093408,-0.64416,-0.59317,-1.6074,-0.97691,-0.217,-0.80277,-0.56245,-1.5528,-2.0964,0.18014,-2.0262,0.53945,-4.2086,-1.3674,-2.3814,-0.63674
0.50859,-2.4389,-1.948,-1.2327,-2.1445,-5.2229,-1.2384,-2.8658,-2.6537,-3.4361,-0.80708,-2.9064,-2.8509,-1.091,-4.5872,-1.5206,0.15506,-3.1827,-1.8127,-2.8095,-0.96427,-1.8108,-3.5721,-3.6989,-2.2479,-1.2746,-0.60144,-1.937,-2.005,0.58085,-1.4385,-3.8375,-0.29685,-5.4251,-3.7438,-2.888,-1.697,-1.4379,-0.84511,-0.20855,-2.1174,-1.6423,-1.4346,-1.0968,-0.87765,-2.4363,-2.8195,-2.0634,-0.82945,-0.54167,-0.93884,-1.1207,-4.2176,-1.8266,-2.3645,-1.4375,-4.8779,-1.8147,-2.5253,-2.189
-1.4492,-0.18501,0.59499,-0.6784,-1.1108,-4.0305,-1.4202,-3.5979,-1.3306,-3.3132,-3.1405,-2.5041,-3.5318,-1.2873,-3.6544,-1.1741,-1.7322,-3.6773,-3.6757,-3.3759,-1.8926,-0.89174,-0.9287,-3.3948,-1.588,0.033954,-0.018286,-1.4185,0.18025,-2.9655,-1.6938,-1.1346,-1.4917,-2.0005,-2.795,-1.9867,-1.5755,1.2055,1.0529,-2.4071,-4.0076,-0.70734,-0.1025,-0.63038,-1.787,-1.0595,-3.6378,-1.2984,-1.5152,-2.1154,-1.1091,-3.7054,-3.8967,-1.516,-0.76334,-2.6064,-3.1402,-1.1613,-2.9586,-2.0273
-1.7589,-0.69111,-1.5756,-0.48399,-1.7172,-2.9481,-2.7098,-4.4245,-1.4993,-2.9387,-2.3731,-3.7529,-3.0931,-1.8419,-4.9373,-0.70328,-0.18162,-0.34639,-2.0853,-3.6473,-0.064359,-1.374,-3.3289,-3.6084,-2.4303,-0.14722,0.97365,-3.345,-1.9359,-2.0523,0.36448,-1.7626,0.33667,-1.7288,-1.388,-0.22364,-1.7341,0.74304,1.2081,-1.9421,-2.0172,-2.1753,0.47757,-1.7742,-1.3709,-0.53608,-1.1763,0.43397,-1.3418,-0.90036,0.82085,-2.5546,-2.58,-3.2351,-1.3434,-2.1503,-3.4699,-2.0768,-3.4737,-1.2263
-0.35447,-1.0759,-1.8366,-2.5641,0.20493,-3.3981,-1.0968,-6.2762,-1.2478,-2.8195,-1.5056,-3.872,-3.1003,-0.74788,-3.8046,-3.8736,-1.5762,-1.5252,-2.7867,-4.0269,0.94192,-2.1722,-0.22597,-2.2674,-1.4923,1.2198,0.16055,-1.9797,-2.592,-1.1855,-0.35805,-1.8993,-0.8953,-1.0533,-2.875,0.24749,-3.425,0.13203,0.98946,-0.41605,-1.547,-0.95017,-1.5931,-1.8727,0.36285,0.28453,-2.0325,0.51041,-0.48916,-0.3634,1.9523,-1.629,-2.8866,0.45368,-1.2115,-1.8958,-3.3955,-0.92894,-2.7622,-1.4068
-0.52583,-1.6922,-1.8668,-0.54558,-1.8856,-3.0296,-0.60751,-1.3833,-1.5387,-2.874,-1.9775,-5.1248,-1.777,-1.9384,-4.2976,-2.2318,-0.7442,-1.1811,-4.5527,-3.7798,-0.65443,-0.63042,-1.2534,-2.2754,0.23096,1.6692,-0.1542,-0.45781,-0.59887,-0.48235,1.8191,-0.47047,0.15168,-0.88477,-1.3674,-2.677,-3.9177,-0.51987,0.16456,-1.1653,-2.5869,-0.43631,0.45828,0.29029,-0.065387,-1.29,-2.1957,0.55503,1.4015,1.1414,0.19863,-0.52796,-0.72866,-1.515,-0.82179,0.19384,-2.1007,-1.0067,-2.654,-1.5889
-1.6507,-1.5787,-1.4913,-3.2759,-1.3758,-3.5719,-2.1957,-2.8351,-1.9795,-1.9239,-1.3983,-2.8364,-3.9007,-0.81595,-4.1728,-1.6159,-1.0092,-2.643,-4.3853,-3.0994,-0.10454,-0.062771,-2.5325,-5.1264,-3.22,-1.3043,-2.1401,-2.784,-0.31716,-0.47403,0.55296,-3.1071,-0.8347,-2.6826,-3.5325,0.15389,-3.8863,0.10798,1.5688,-0.53212,-3.6645,-0.51076,-0.29658,-1.4072,0.25003,0.11013,-1.5016,-0.2617,-1.1176,0.45431,1.1077,-1.4308,-2.127,-1.2496,-0.24812,-2.7872,-4.0216,-1.3116,-3.0569,-1.6012
1.3511,0.5941,-1.2998,0.7159,-1.9117,-0.042219,1.6796,2.1129,1.3753,0.48922,1.1694,2.9889,2.8467,1.6053,0.080822,0.55976,0.79915,-1.0652,2.0661,0.0029334,-0.79115,1.4446,-0.4125,-4.1293,-0.55131,-0.92699,3.5964,-2.8575,1.0945,0.89749,-0.93582,-0.47014,-2.3108,-3.629,-2.7678,-3.6978,-2.8347,-2.4495,-5.1595,-6.0569,-2.1555,-0.63085,-1.5096,-3.6733,-2.5345,-3.6977,-4.7544,-2.2145,-3.6358,-2.6993,-5.3987,-3.6469,-2.8163,-3.5535,-3.5408,-6.0158,-4.3093,-4.3555,-4.1266,-2.7771
2.5576,0.017343,0.24607,2.2395,0.50329,1.5697,2.7463,0.5541,1.8337,1.5232,1.4003,3.2945,1.8862,1.1231,2.103,1.1517,1.3151,-0.14792,2.9318,1.8813,-0.83319,0.25752,0.43856,-2.0132,-1.6561,-0.90506,1.001,0.05884,0.5684,-0.74997,-1.4339,-0.45108,-1.1139,-3.1028,-0.087799,-1.1533,-3.4852,-0.71968,-2.904,-7.1593,-1.3437,-0.14471,-1.7555,-3.9314,-4.7786,-3.3521,-0.41967,-3.9774,-3.7531,-4.6126,-4.3984,-5.9151,-5.45,-2.5804,-3.3444,-5.534,-1.807,-5.1123,-4.4571,-0.93999
2.0378,1.1366,-1.3665,1.9711,-2.7353,0.26315,1.8553,0.98589,1.4773,-0.65382,1.7817,0.55953,3.3571,-0.7211,0.18257,0.14701,-0.92245,-0.97507,0.9364,-1.3053,-2.3846,-0.10573,1.9472,-1.6368,-2.3555,-2.8708,-1.162,-2.1076,-2.3248,-1.6981,-1.2275,-0.66905,-2.0296,-2.2246,-2.2985,-3.7265,-1.9241,-2.1705,-4.5046,-3.8376,-3.0915,-3.1155,-2.3177,-1.6143,-3.8474,-4.4864,-4.9148,-1.2935,-4.5397,-3.3548,-6.5236,-4.2468,-4.3054,-4.044,-5.6024,-5.9914,-4.0665,-3.6217,-3.7406,-2.232
-1.266,1.4019,-1.0896,1.0736,-0.56086,0.54117,1.6901,-0.38219,-0.35173,0.1574,1.4981,2.8006,0.54557,-1.4006,1.4692,-0.34173,1.1049,-3.1393,2.2158,-0.14916,-1.9457,-0.12527,0.38855,-4.058,0.25538,-3.9073,1.6023,-1.4121,1.1039,-0.10064,-0.55634,-1.0513,-0.71104,-4.2479,-1.9736,-3.8389,-3.878,0.084801,-2.2502,-5.2987,-2.1132,-1.7137,-3.3681,-5.3624,-2.9304,-3.4286,-3.6966,-4.1781,-3.5067,-3.6498,-4.6523,-4.2589,-5.3015,-4.5491,-4.0957,-5.3171,-2.9709,-3.9457,-4.7338,-1.7538
1.6165,0.34435,-2.8226,-0.6869,-1.7035,-0.058334,1.701,2.5119,1.6745,-0.3754,0.35044,0.68622,1.115,1.0538,1.4119,0.80267,-0.74815,-2.2352,3.1504,-0.14138,-2.3126,-1.1356,1.4058,-2.8562,-0.6866,-1.7624,-0.26985,-2.122,-0.55356,-0.30301,-1.6257,-1.6878,-3.1253,-1.9861,-0.89971,-2.9296,-3.0276,-2.5866,-3.0477,-5.4629,-2.6988,-1.6408,-3.421,-3.9121,-3.5964,-2.7525,-3.7781,-4.1323,-3.8725,-2.9688,-5.6987,-3.8864,-3.9486,-4.336,-5.2628,-3.2007,-3.0467,-5.8035,-4.5041,-1.2767
0.57174,-0.1301,-2.4401,3.1606,-0.19565,1.7071,2.0204,1.5417,0.044513,2.17,1.3118,2.509,-0.2386,-0.30797,0.56588,0.64626,-0.11586,-3.398,2.8999,1.9459,0.2427,0.012648,1.1629,-2.7348,-1.6991,-2.7198,-0.30306,-0.85741,-0.94425,-0.21006,-0.803,-1.142,-0.40445,-3.5902,-2.1367,-2.8003,-3.228,-2.2497,-5.5699,-7.6065,-1.579,-1.4353,-0.69581,-4.7379,-4.2844,-2.3915,-2.6419,-3.4956,-4.8605,-3.3846,-5.3617,-5.4548,-3.7662,-1.5034,-4.8829,-5.3768,-3.5779,-6.0437,-6.0762,-4.5479
2.9958,-0.45455,-1.1637,2.9995,-0.55957,1.3231,1.0083,2.1611,1.7098,-0.35319,0.029456,3.5515,1.4502,0.28649,0.0091107,0.2706,-0.19922,-0.94178,3.1934,-0.46698,0.029579,-0.83881,-0.34488,-3.3404,-1.4471,-1.3012,1.9253,1.2706,0.66633,1.7106,-0.76102,-1.8808,-2.3916,-2.4021,-1.6322,-2.4158,-2.1152,-1.6355,-3.2833,-5.5287,-2.6153,-2.305,-3.9927,-5.6697,-3.8649,-1.5283,-3.9671,-3.3701,-3.063,-3.1065,-6.9807,-3.0752,-2.7755,-3.64,-4.0866,-4.86,-3.1113,-4.7128,-3.1925,-3.2922
2.417,0.38737,-1.8375,1.4876,-0.8589,-1.5171,1.7024,2.1767,0.74473,0.93584,2.9769,1.0321,1.2311,-0.54924,1.6012,1.0919,0.052359,-2.3651,2.8918,0.41647,0.75898,-0.68901,2.6442,-1.6042,-2.1092,-2.6392,1.0146,-0.71015,0.38972,-1.5398,-0.62986,-0.56266,-0.99716,-3.1188,-0.60122,-2.0509,-4.1864,-3.4112,-4.0317,-5.8187,-1.2461,-2.0912,-0.9424,-6.0839,-4.4075,-4.7771,-2.1427,-4.6601,-3.1539,-3.3698,-5.0041,-3.4632,-2.8163,-3.93,-4.3021,-5.8224,-4.9298,-5.3132,-4.8105,-1.2503
0.55399,1.5424,0.27203,0.8769,2.38,-1.1827,2.5115,0.51753,1.7468,1.0621,1.5396,0.27226,0.66891,1.5607,1.3201,-0.062579,2.0082,-2.1448,0.21028,-0.28651,1.4281,0.73586,1.3657,-3.6973,-1.9334,-0.56968,0.32939,-1.1755,1.8412,0.70677,-0.42157,-0.75734,-1.4328,-2.6207,-0.028707,-2.4228,-4.8962,-0.44956,-1.3658,-5.7468,-1.2115,-2.515,-2.1066,-2.1729,-3.5778,-2.4127,-3.6685,-1.1121,-3.2592,-2.1059,-4.7701,-4.5335,-2.2097,-1.9021,-5.4423,-6.0292,-2.7654,-3.8826,-3.4026,-4.4396
3.0593,-0.39396,-0.34664,1.1128,0.84879,-0.18979,0.89061,1.0823,1.1119,0.83585,1.5462,0.12406,2.6658,0.56322,-0.75556,0.20086,-0.098248,-0.78191,0.2079,-0.74039,0.20969,-0.47764,0.36847,-2.5892,-2.4272,-1.7822,1.6501,-1.7954,-1.7657,-1.2438,-0.7441,-0.96985,-2.0399,-3.3557,-3.0612,-3.5833,-4.0163,-2.4578,-3.8555,-6.7425,-1.3084,-1.9423,-1.9502,-6.061,-4.4127,-3.7969,-3.3545,-3.963,-2.4221,-2.5472,-4.8904,-4.3265,-6.0101,-4.7919,-5.0776,-6.6837,-3.6018,-4.3411,-3.7444,-3.1838
2.2684,0.95364,-0.37346,1.0277,-1.3402,1.3498,1.7195,1.2006,1.0019,-0.37347,1.1982,1.5072,-0.3879,-0.62934,1.4519,-0.61384,-0.21886,-1.7805,4.3559,-1.1368,1.0154,0.313,2.011,-2.5114,-0.38111,-0.021773,0.012108,-2.3565,-0.21617,0.32726,-1.6917,-2.9034,-3.3799,-2.4125,-1.8426,-3.6453,-5.1584,-1.9089,-1.8502,-5.0618,-5.5256,0.62413,-4.2459,-4.0361,-2.6813,-4.6639,-2.4738,-3.9806,-2.6098,-4.0078,-5.9592,-3.673,-4.5416,-3.6949,-3.137,-5.9418,-2.9402,-3.0265,-3.8391,-1.9776
-0.30671,0.16877,-1.7896,1.9624,0.2294,0.7605,1.1453,1.7322,2.2775,0.51033,-0.91847,1.6012,-0.45494,0.81968,1.1498,-1.3806,-1.0838,-1.6908,1.1711,0.86516,-3.7198,0.68733,-1.1823,-1.4178,0.58085,-1.5269,2.2353,-0.63033,-1.9107,1.4092,-2.4414,0.17729,-0.47108,-2.533,-0.39351,-4.5473,-4.6927,-2.8789,-6.4094,-4.238,-2.5158,-2.0167,-3.1279,-4.0335,-5.1197,-1.5029,-1.2328,-4.2417,-1.4349,-2.5142,-6.2044,-3.7159,-5.2267,-3.9368,-4.4965,-5.2252,-3.4159,-7.4086,-3.7866,-2.7822
1.395,1.0125,-0.060485,0.86457,-0.5776,2.222,3.179,0.30904,0.83485,1.2128,2.5976,2.4671,2.4815,-0.85738,1.964,-0.10668,0.20728,-1.6822,2.9151,0.08011,-0.95638,0.1177,3.4458,-1.3219,-1.6087,-2.0604,0.75652,-1.6161,-1.3074,0.12614,-0.88911,-1.1405,-1.7209,-2.8005,-1.8945,-2.64,-4.3533,-2.011,-2.5321,-7.0033,-2.7691,0.32066,-2.283,-4.3675,-3.2746,-4.3169,-3.9953,-2.2539,-4.9379,-4.3861,-3.9296,-3.6935,-2.5522,-3.3926,-4.7684,-3.8739,-2.9862,-4.6177,-5.134,-0.82702
0.45564,0.38102,-1.0813,0.48284,-0.7818,0.47675,2.1397,-0.068344,1.5492,-0.31231,2.8615,0.55656,0.73601,1.2018,-0.21877,0.39444,-0.40689,-1.9876,2.6837,-0.26413,-0.11343,-1.4328,-0.19403,-2.7439,-0.4073,-1.4909,-1.1035,-1.4736,1.7663,2.5388,-1.8397,-2.0316,-1.3976,-2.9856,1.8569,-2.4305,-4.8018,-1.8335,-3.9268,-5.3415,-4.4964,-1.417,-4.7323,-4.7398,-3.2657,-3.7684,-2.8841,-2.8937,-0.77556,-2.8316,-3.3983,-5.5234,-3.7464,-3.0679,-2.014,-4.8904,-2.4535,-3.605,-3.3647,-2.4875
2.0926,0.39403,-0.49948,2.7045,-1.1824,0.8205,1.5873,1.8615,0.83937,1.9543,0.73091,3.6554,1.4972,1.3212,2.6404,-0.35332,-0.43141,-0.055942,2.3346,2.0674,0.048266,0.70751,0.19683,-2.5451,0.52893,-2.8985,0.73161,-0.17419,-0.62416,-0.032677,-1.7086,-1.1807,-1.0321,-2.6968,-2.8868,-0.82384,-5.0863,-2.3049,-3.2878,-6.145,-1.3097,-1.0492,-2.7957,-4.3315,-2.6523,-5.0551,-3.4357,-4.7113,-2.0614,-3.4467,-5.5531,-1.4782,-4.2336,-2.6581,-3.3053,-2.4031,-0.65577,-4.1043,-3.1079,-2.3826
0.97883,-1.748,-0.58472,1.9173,-1.5719,-0.17489,0.55984,1.2662,-1.0311,0.20664,0.61853,1.999,-0.59879,0.35307,1.3572,-0.37969,-1.652,-1.8555,3.5983,0.45318,-2.429,-1.1987,1.2037,-3.857,-2.5198,-3.7445,-0.30431,-0.6719,-2.3252,0.11284,-2.0558,-0.45165,-2.7681,-4.218,-1.5869,-2.8431,-4.4883,-4.1225,-3.5297,-6.0874,-2.1174,-1.3035,-1.6721,-4.402,-4.2653,-5.1159,-3.3193,-2.9411,-6.0029,-2.3457,-6.3563,-3.5602,-5.088,-3.4124,-4.2639,-4.6437,-4.8122,-4.9917,-4.7465,-1.3288
3.5802,6.7797,4.2207,4.2338,2.1199,5.5319,6.7799,5.6128,6.0639,1.8313,6.8247,6.4394,4.0756,4.5255,3.8643,3.6084,5.9113,4.633,5.5622,5.3679,5.4937,4.2659,4.4413,4.5217,5.9243,3.0682,0.31405,4.9751,3.4813,3.8448,6.5634,4.3532,2.0273,2.9296,3.6102,0.84931,3.019,3.7223,4.0752,3.8686,0.68928,1.0211,3.3279,0.73853,1.272,1.403,-0.31315,1.7406,2.9684,-2.0167,0.3201,-0.139,-0.97887,2.3545,-0.21289,-1.306,-0.63911,-2.6446,0.6855,-0.36102
1.8598,5.1805,4.4175,3.2857,4.1283,2.7054,6.5082,3.6477,3.6448,2.9508,5.446,4.681,3.6275,4.6789,3.9333,3.3434,6.2475,5.524,5.2492,3.1988,7.5517,2.988,4.9524,3.7223,4.5697,3.0371,1.5513,5.2206,1.5511,4.3918,3.3462,1.1203,0.66777,1.1214,2.9176,-0.68008,1.0191,1.7859,1.1836,2.8535,0.11972,2.4642,0.25016,0.79472,-2.527,-0.19032,1.0434,-0.53639,1.119,-1.9605,-0.40612,-0.66102,-1.9918,-0.96789,-0.79541,-1.5134,-0.87333,-2.52,-1.4863,-1.2391
1.6543,3.4935,2.4673,2.2559,4.261,2.0928,4.5508,4.7976,4.2751,4.8376,3.4588,4.547,3.4052,5.1024,4.1809,5.0948,4.8286,4.8216,2.4933,5.4188,7.7215,4.2742,4.3014,5.3886,4.6222,5.1347,3.1184,3.2169,3.1757,5.5055,4.6101,3.1389,4.917,2.3408,2.2023,2.5367,3.1658,2.9604,1.8633,1.8677,2.709,2.3719,1.1725,0.5784,-0.88548,2.5163,0.036419,2.5717,1.7235,-1.3785,0.36669,0.096371,-2.132,1.3372,0.60591,-2.7832,-0.70251,-1.373,-1.3139,-1.6774
3.5488,3.6078,2.8566,1.9862,0.79679,-0.15122,5.2189,3.1695,5.0833,3.404,3.1461,4.5959,4.3731,3.9381,1.8748,2.5354,6.2821,4.7879,4.3073,2.9853,4.0766,4.5823,2.2261,2.8343,1.5291,1.8624,0.53036,4.932,3.2404,3.8937,2.9804,2.064,2.5592,2.6701,2.5872,-2.5042,1.026,1.1072,0.44783,1.7164,2.4053,2.8353,0.70316,0.84333,-1.7122,0.91116,-0.016523,0.92663,3.426,-1.4031,-0.45118,-0.67072,-0.94012,-1.7698,-0.29581,-2.7614,-1.0591,-2.818,-1.3878,-3.4578
3.3132,4.8675,3.2367,3.5268,3.7064,4.4546,7.1942,5.4501,4.7476,4.0753,5.0021,6.6639,3.4003,6.4404,5.0951,4.1297,6.1727,5.3101,3.0604,3.6571,5.0892,3.3462,4.5742,5.8117,5.0024,4.0161,0.42252,5.3485,4.4135,5.5997,6.5826,3.3671,2.3481,2.7884,1.9311,2.6025,2.9868,3.502,2.5133,1.9745,1.2533,0.57029,0.55076,1.0076,0.84087,2.1393,2.1951,2.1783,3.8644,-0.65717,0.80072,0.64351,0.31813,1.727,2.3973,-1.1016,1.907,-1.7436,-0.79158,-1.9816
2.4095,4.8303,1.1922,0.58576,1.6873,3.5759,5.1241,2.6037,2.4672,4.3677,3.6258,5.4945,4.2845,2.9105,3.8685,3.0117,3.8028,2.479,1.4814,4.2893,3.5832,2.4655,3.5074,4.437,0.4411,-0.0071574,-0.89832,3.3822,2.0314,4.5574,3.133,2.0608,1.0817,0.93564,1.0957,-0.62971,-0.0063438,0.22168,0.73556,-1.5301,-0.64728,-0.92415,-0.5598,-1.6969,-2.7026,-0.061772,-1.9509,-0.99963,2.4178,-2.6725,-2.4489,-2.9503,-2.1448,-0.91423,-2.0012,-1.9448,-3.4805,-3.6717,-4.3881,-3.0386
0.47388,1.8526,0.20533,0.79739,2.0871,3.7821,3.368,2.3554,1.7271,2.8276,3.9881,3.4732,2.0522,3.9965,2.2728,2.9932,4.0305,3.9102,2.4657,1.4054,4.1637,2.9801,-0.53785,1.8128,3.395,1.1884,0.72289,3.1319,1.511,3.9793,3.4444,1.0369,1.054,0.96094,-0.46755,0.97496,-1.093,-0.7745,0.55698,1.1913,1.3984,0.98078,-0.19127,-2.2605,-2.0799,-0.99584,-2.3552,0.67087,-0.12457,-2.3273,-1.9162,-2.6702,-3.2729,0.026964,-0.91101,-4.3048,-0.71994,-3.4105,-1.9362,-3.2317
-0.4456,2.222,0.75961,1.9167,0.43702,0.96516,4.6805,0.66656,4.2131,3.0324,4.2927,2.7279,0.7148,4.4045,1.7734,1.7538,5.0183,3.7078,-0.028503,3.5946,4.4835,2.4221,1.6528,1.6023,4.8955,1.4394,1.2446,1.2202,3.0424,2.4786,3.4755,1.0936,-0.17648,2.5333,0.74521,-0.35085,3.2427,1.6375,-1.1938,-1.0782,-0.06898,0.49101,-1.2313,-1.593,-3.636,-0.57918,-0.099167,-0.19999,1.3342,-3.7568,-0.084325,-1.9669,-2.4563,-0.72847,1.2062,-2.5403,-1.5181,-3.2855,-2.2529,-4.8925
1.353,2.9706,2.4269,1.5945,2.1744,2.7905,5.6428,3.4214,3.3889,3.5396,5.6804,6.2088,3.8267,5.7881,5.0179,2.175,4.5282,3.1092,3.6733,3.464,2.5882,2.8808,4.854,2.8784,2.5755,3.3788,1.509,2.7894,3.0066,1.5261,2.4885,1.532,2.5988,2.1397,2.52,0.16847,1.424,1.0754,1.6053,1.8018,-0.59908,0.84844,-0.55965,-2.3635,-0.59769,-0.25436,-0.81785,-2.3813,2.0318,-1.8679,-0.66038,-1.7238,-0.41823,0.18951,1.7664,-4.9947,-1.6913,-2.3487,-1.5913,-3.514
1.5593,2.6222,2.6125,-0.14295,2.1611,2.7058,3.665,3.1662,1.227,2.4575,1.7943,4.4295,2.7215,3.0118,2.9496,1.9499,5.2111,2.6924,3.6373,5.1799,4.5115,2.0537,2.3765,1.3989,3.7458,0.79746,1.691,3.2175,0.46204,3.0015,2.8973,3.2627,0.96027,0.90067,1.4122,0.41012,1.4027,1.73,3.1682,1.8788,0.086809,0.24473,-1.2813,-1.3684,-1.2228,2.0318,-1.599,1.7234,1.688,-1.9113,-0.22576,0.69393,-1.811,-0.12853,-0.05221,-2.4206,-0.59872,-3.3038,-0.87599,-3.3229
0.021447,3.1003,1.7952,-0.96759,2.7458,1.1228,4.5818,2.8442,3.3107,1.1142,4.0049,3.9736,0.69883,2.8141,1.493,4.5117,5.3209,4.6571,3.0136,1.284,3.8968,3.9851,3.2316,2.0515,3.0898,2.6905,-1.811,2.1253,2.7509,1.8737,3.4724,3.4155,0.78354,3.3774,-0.064851,1.1414,0.99391,1.8151,3.3228,1.5211,-0.77098,1.3795,3.6101,0.37418,0.1347,0.34423,1.6179,2.3518,3.9311,1.0848,1.5065,1.5907,0.12735,-0.012228,1.1491,-0.43737,1.2525,-1.298,0.82093,-2.3057
2.0978,2.9946,1.4755,0.78521,2.1895,0.90174,3.6321,3.4125,3.8916,2.3489,5.0188,4.8101,3.3301,3.8188,2.6343,3.3659,3.2572,7.1612,2.0402,3.5242,3.5734,3.0185,2.3692,2.123,2.6069,2.2369,2.1055,3.7226,2.2056,4.5932,4.3996,1.7507,0.69547,1.2056,1.6964,0.64885,1.0396,0.92079,2.4369,2.5738,0.44531,1.0792,0.34462,-0.69463,-1.71,-1.3422,-1.537,0.772,2.2339,-1.7856,0.25432,-1.349,-0.8982,-0.83379,1.1384,-2.7203,0.70268,-2.6084,-1.1747,-2.2243
