3.83980845928356,14.7358257107528,4.19362983198706,4.76734758376632,3.8569060356832,13.6537631667241,4.11898258853021,13.4131122108818,13.6101712885481,4.40439225882106,4.54191126593591,8.97114977666875,14.1365826536918,4.80506540418061,15.0138111666841,13.6870256846388,3.64502141667946,7.17391694100233
2.55780462366601,3.0568075448666,10.8869162564448,3.00467288747075,2.29854395105896,11.8649882779389,12.671413016316,2.82013402112633,10.6720447986505,2.80919627413941,2.7116865190678,11.3859773296902,11.9127039896435,2.97459905941311,11.6741717524172,12.1860755803692,5.96572426730002,12.5679952310341
2.7156034848878,3.23584651371763,2.96751355858251,3.45987747365771,2.7570659291613,3.26391027658207,3.02756634286152,3.18913822617454,11.390777356021,3.32733268199909,6.01753891959372,14.3458851873361,14.181345162491,3.11673902362097,11.2145882348312,13.1857930028994,2.63480233953385,7.91421211797831
12.9724629072021,2.9804457964424,9.53905409557099,3.3936344828835,6.78761529739246,2.99915036315828,11.0152477736989,14.5094286367816,3.31693784828352,3.35609168065407,2.56242316961042,3.09450971672156,2.81851724675454,13.2108326487701,3.35638330026518,2.6753123675655,2.13411248708218,2.55996651514629
13.1626611730968,2.6047592871805,10.9817235297295,9.15101146343902,7.24237575711523,4.13894877349691,11.141155777904,12.5031399968266,2.97975282639712,9.14418406371761,2.53078741577528,2.62172369718201,2.92228730032885,11.0947447613835,1.99386996815599,2.92812961687059,2.61342745451332,12.2127851384884
11.2016093586681,2.20649319590129,10.0859504013717,2.09673075395606,10.2948619436638,10.069302066564,11.7780606978354,1.73090945117387,2.37911631866088,1.75623766021154,1.77711036432657,1.90340082704976,3.47527947796842,6.81114988210991,11.1445690274826,6.67866351418272,1.42455666665524,10.7974750981577
7.28268072830512,9.39427189468547,1.47746492235493,2.20599924323518,8.99574736843995,7.05316565377441,10.8718128529484,0,7.47317808532804,0,8.31091264930491,11.9094093549173,12.208414226686,5.47692599809657,9.45768457237771,9.57438349349276,0,9.303659757602
7.38167895176686,11.7890374689977,8.94333561081899,9.70598982045008,1.24809030100478,8.47404069225047,1.53748741963389,11.9945193885158,2.92098684681539,2.14432965838417,11.4143005054698,2.00737815943662,1.81103569019576,8.96371301588105,11.1759864308397,2.46973753250542,6.23685994223575,9.4012879001764
7.50014077250485,1.94636405835547,5.90645291172737,11.6361533115183,9.32040569949453,1.35475116298033,9.18246884520119,10.03484022114,1.57032205493539,1.62887155984915,8.54271075587706,1.49307342067317,1.49303241812834,8.79442886354418,11.7856935783423,1.49714735841983,8.72716147902709,10.2626938858637
0,9.89967412988968,9.39350844254838,8.25266543245025,9.09146183328635,10.0390835458814,8.13592984128642,2.59750495400172,6.64354886299955,0,1.48502487756327,8.99169189833696,9.79903710366244,8.27272774962388,11.4215231281068,8.26693642330279,10.7143313898152,0.0321720943166457
10.8334672930502,1.45522857111714,9.89049229299096,10.0293010325964,10.196663594964,9.33944474458575,6.88075898036874,1.29744969896568,9.46418426552859,1.44993636055915,1.60171077698749,1.70754246005094,5.84492289760217,7.74420146893387,9.59743992281378,8.85587449131778,0.839197740105056,10.8982612672895
0.995112536003664,1.62614472678054,9.88492907038023,6.99259850536001,6.61519556781274,8.57261686415533,8.5037820193018,1.68568902815425,1.82991448980592,2.04202440563634,1.61803657015019,11.3847621688543,11.8994211252005,7.12913874022692,7.5191723144545,11.7153013900578,1.47090643921466,6.50309904080795
12.6891276970679,5.99034119888425,11.9063550459657,13.3313502011989,4.06123759169796,4.46094486760147,4.23674975489912,11.1000413235531,5.08356829565818,14.8978380222884,13.0362500149728,4.80232041670337,7.08735877250906,13.908796447553,4.71348412340192,7.31291834170987,11.7076906312665,9.90921197695704
10.0412347671538,7.50907030627341,9.41998545111629,1.49576678400431,9.63171728295291,8.50365880494512,9.00607356726189,7.67466543689698,1.90711756177408,10.8944085375631,10.6921708564612,1.59859864765462,1.26672658329148,8.15424091558936,1.08147598159796,1.0025873161762,9.60611831088,9.79709406228416
8.68985163350089,9.75299149730994,8.99494927980444,8.98352812816749,8.44607332526444,8.05785683394075,1.64990465881813,8.4821374064428,1.10819596999523,1.29180986988505,9.30402778398592,0.619248470591335,0.683195185080038,9.16530507064399,9.54769309452911,1.18735584251476,10.6982336046303,8.30489019225557
8.79151228456754,9.80593083009061,9.28900560635857,7.24037574752356,1.78065991542661,8.31960122620937,1.05777041964531,8.21068825669873,1.80985480033154,8.66910016727415,9.54120699182153,0.254842411897054,1.00572334516012,9.0059124981042,9.31842084315306,0.829828538143543,11.1758655803768,7.43172875124229
11.244717923938,8.76833583288978,9.21614050245436,9.50097011341692,8.49978865120673,2.57441593531142,2.47745171075394,10.7745409981784,2.65434135929897,10.4348048010359,9.53926963646823,2.50666566226887,2.56670265593557,9.0181883812202,12.0175388256433,2.25349225233717,9.79776653077924,2.38472069743906
9.48790031230084,1.09017594979021,7.71367519691248,0.920521978790339,0.506728871836348,5.1157532451596,9.13876328245834,9.08198932457519,9.43425499668596,7.12498976997866,0.994854841829224,0.819747468240757,7.2876477453638,9.25660263321904,0.513119791365335,6.2651480580739,9.10852184319783,8.67490549303793
9.17065117553163,7.13319873718979,9.04619363302409,10.092113597697,8.44825550792157,7.25387678758664,0.791194777299293,7.86120914207409,1.02217887419262,8.81573231854048,0.761275059555263,0.887964251142292,1.16974481360969,10.0629257920035,6.78877873378076,1.36481388842412,7.72604168666667,9.08035440545583
11.3171404054635,11.2953103978661,10.6151159773653,2.30847169737002,10.3633082025383,7.27903240295951,11.1876075319532,10.2290803567374,10.7170279255595,9.11001282970061,10.6142587529036,2.12316921199659,1.60503532926178,11.0037785216526,7.538335603314,1.82807462315179,10.2730366737263,10.3565876839162
9.38703721185921,10.0177270864854,10.7088941985916,7.5076598766756,8.38268022034353,8.25869322098905,8.92551290152632,8.72545147067975,1.76773529879837,10.9112496588823,9.12392221651827,1.47953583381103,1.48731654999728,10.9197125080957,2.18682696533309,1.53803648536698,10.0573419576795,9.25622284409203
11.8752728798348,3.61869113034111,11.9957194779564,10.8726759174718,11.2189761093613,11.6935326378535,9.41909535472823,8.30330680436777,9.16625319490846,2.98071616560547,2.49345899259917,10.1097337880902,12.6295577958872,6.87626038187908,11.5128919472105,11.7845585572781,2.86004227729481,12.7332804158531
10.1079456945403,9.42914194344231,10.5403818685686,8.97739250084546,11.0263646820016,9.60579172867205,11.3032922150422,8.25690852430133,8.19689724948871,2.08490445799911,9.82352634174592,1.817557771995,1.50157366303427,8.64587130877968,1.84987919663061,1.92171052344706,7.75442389510854,8.12717674266668
7.5800637575358,7.73422501682785,8.61386337423083,9.00572083605085,9.23293467977108,8.22205007717069,8.79453948442212,7.01511564328122,1.91634020298479,11.024720994702,8.31910609416795,7.43443482682441,0.658209197292494,10.4427160979967,1.40260196543903,0.97500220400312,0.655332592550435,5.94596814464597
7.13384090881392,2.64236193831033,9.62923456874562,4.05038850631044,9.18188273915702,9.12041674488377,0.782635016724377,8.24089625162245,7.41148556584904,2.51670102074437,1.42409975951282,0.885581392368039,8.22295908308695,3.15749650299733,10.7090665759475,9.38066452161052,2.96763528632248,9.99945043140759
7.25938925397338,1.07004991113453,5.94180846766471,6.58079521431086,8.58918221783044,11.0254337479215,10.7601959918854,9.23360433905648,7.35897376594484,7.12368119686208,0.734290812127105,1.37806154317868,1.59634258574528,3.29572890108621,2.4104955157407,9.99551066466161,4.79311971813951,9.59329699437475
8.0119540117028,1.43435867700207,10.0607634720092,6.54482382593897,8.27245249870293,6.94570133299877,7.96993902889442,2.54018849679853,8.96662945634492,0.830001329061272,1.01935320617769,6.26535812779064,9.83838140657586,7.64817060380739,2.53850588265673,9.89367315521702,1.14342607325891,10.2463724564955
0.705828428522301,1.41287851453355,5.95659114069277,6.81728741196812,0.794144666182702,7.07201927478099,9.93971710997758,10.8405713375301,1.70053293542444,8.39985021853557,6.98310989798424,1.224250240237,4.178955999559,9.03064065441232,8.26458428234325,6.19006629874131,10.6393192715823,8.11492035105605
8.17303746216522,1.40254755870924,8.77924986945309,9.80083488013605,9.70907330169442,9.06544727985757,8.47953777389644,7.82344367219591,5.91311919131905,9.19237693223697,1.26720017887874,0.896903434626519,6.78978140860507,7.63992454280235,8.16946406690106,0.839098549420406,0.763923969540221,8.44785190757523
6.62833763016801,1.2605971993495,6.61433881768497,10.6984286012356,8.39646350145633,6.70200641080942,0.934344990900775,8.69179585298775,6.90818879755357,7.47959217606242,10.9183890104628,1.07390932809652,0.899246022998415,7.69102460929875,1.33116001894559,5.80159584856323,10.1953722074027,6.49240762583711
14.4889361371426,10.0886052737774,8.4992628487543,14.2945544850529,8.53377712813103,6.15892602759096,9.98546330080878,15.2810735709421,9.01817684786678,11.9258945271952,11.1757121487352,4.64347503710786,4.19397670190305,14.208749514582,8.68185647682714,4.4063250258496,10.1747428979341,10.4478462286871
10.9000806947772,6.00775461681585,10.5340627777862,12.9106950184112,12.3645479640505,12.225151463629,12.351188665575,12.0851308259941,3.38301439837326,11.2724160123509,8.73045851066268,3.20281403603925,8.24843284276806,11.0329027735156,9.27648280066396,6.13769020132841,2.16507465963004,10.0323589175975
7.44486709473942,10.9948708755409,9.1345589488834,9.77701627658082,9.10672592633488,9.26108629815996,8.6796312578765,8.99680195928324,1.80951816637041,5.71515539538474,8.96744545400201,1.81423867742092,1.4693046145101,9.78776203666222,10.6176661780292,1.51758309939976,10.628690200105,9.558971606605
7.27843857547307,8.54114575909606,7.02635346283579,8.73015384745929,9.5800630987636,8.5279527432947,7.18995402012891,7.89067528774086,10.794028849679,1.15659077513923,7.62897127432269,1.1718640904887,8.85238215098407,1.51596470223921,1.04182477994545,5.0896555556706,1.59460730712534,9.93006160190661
8.00473620432711,8.79505460701187,8.03490254738812,7.9717499997603,8.04340761812345,8.46676841453086,6.87401297835312,8.52517461862867,0.791995558073823,10.65397187439,8.07576626937409,0.564978926560058,0.977876736866257,9.61763769510221,7.92609563456469,5.37141775734885,0.531147266369158,9.39228264310409
7.93705068505879,8.47376524180851,7.57684214370371,3.6216932248982,7.51029409907445,7.45981788131002,0,8.45174415099538,5.01381953941237,9.15607861037565,1.08890481542425,0,0.634249396765295,7.08452789849824,9.14952243781668,2.91972716480315,9.31293623874457,7.6953479832313
8.96750569088231,8.86582697340301,7.93462447557933,9.41252750737129,8.95399385349068,9.22551415625488,9.33303389040612,6.023757901133,9.6015020823227,0.76318888505983,8.82045511090467,0.347463834941601,1.99780579646856,6.69227444488894,1.45223168421788,8.28579118544124,3.48497591451119,9.37284853626372
11.3302769617872,11.4765434530743,6.88424648378066,11.8158904792846,10.3223848384388,9.28952845469879,11.9206510299625,11.7327367713728,7.83786160876858,11.8922135057427,10.8282491472943,2.93729975455046,2.70894381780071,11.8728257903205,11.9121307053619,2.84792016115251,12.5501261085964,9.9347484204685
9.04490771479895,10.1331807522698,9.09026859287601,9.12969000563401,6.6687715492385,7.78024447277635,10.0104022229796,8.60234626623209,5.32263123734274,1.01863417413905,8.2362821302757,0.903783341541241,0.866596266968157,9.08433006707028,8.09356017616234,0.992113632132808,8.48182767996342,8.46515822966425
9.77147956538165,8.43578692181139,9.64043113672371,7.81548769127793,10.0414096013022,5.36533559817248,10.2290591196342,11.3717529621684,2.37475573136939,10.243691689536,11.9267555674766,2.04156891878029,1.58084494955316,11.5275258770159,8.6763626236736,4.79470177757515,10.5386739530827,9.60034967467345
7.98959221996301,8.81174073996714,8.21868576622653,0.666885360870093,7.60861263251639,5.91398859815787,8.25361800615044,8.57435889293394,7.86833241810859,9.05469789001206,7.36199477144581,0.733083565819874,0.959091298366338,7.14663078602091,0.68242443589916,0.673011443644661,7.7488105934056,8.17739048445977
5.70396514649343,0.884505241706224,5.27873218944993,9.59033376827582,7.64775495939271,8.57641999001408,8.76445909942071,8.74203624311417,1.34308462240892,9.93365197014447,8.62226612064768,1.02812708231714,0.949534185990261,9.65078301624879,9.94282242922088,7.06100835210234,3.57193541626851,6.49404631257248
9.06344119286037,9.47337090811838,8.98651617533405,9.71518639755819,9.97422384316003,10.5400001378521,6.29414099600386,12.2674567931835,3.55063339663881,10.631032415092,11.1488743806762,2.16801103939228,2.20132396208356,10.0112356431607,2.1131964011929,6.95610216584135,6.94190915018993,10.5560269927247
4.16052106907732,4.32158873310324,11.1480784730752,11.8970359238858,12.3303369140818,12.3815840063054,10.3408327156169,10.8666150527772,9.86200419938885,4.39664875488397,11.8587689154463,4.45083784246329,6.52361185362477,11.2263354015554,6.60720882631373,4.49791964801064,11.4419235568021,12.0983940740309
10.1881665040888,8.25936761042869,8.60170876418495,9.92135754924739,10.0756008067376,10.6842668453251,11.1051613093501,12.5094476965808,10.0508711067606,11.5251914181158,12.4746508845928,3.39251051115307,3.37867253026557,13.3717817250654,11.5110334407524,3.35320612036931,13.9835361316378,12.5270226170383
9.48235844334374,10.3198839941672,9.10756756997634,8.14853555987134,2.84449211362078,1.15697383802112,2.55776713537025,6.60115308616081,8.0255166628258,2.13126548356716,10.5323559252888,1.54636851326017,1.06517384389362,6.7950370012951,7.80077115143429,8.46096694372944,7.64912106450685,6.13606626086933
8.54504505150293,9.06708998747856,8.09798711650922,8.67638529812019,2.69537029164271,7.81583111826374,2.6748300914706,7.94853438761753,10.308616278562,10.2914640132729,8.20768777217427,1.77321992943184,2.7899620666698,9.30585883178851,2.14190816105947,6.05868469954047,0.332665547138835,7.80115994975797
9.73504993419651,8.70522281117008,9.04983276138071,5.4548371962135,0.261623481729769,8.05760189882958,7.55545763729759,6.72902247034013,9.11578575123209,7.52239548907946,7.44571842795547,0.355638778575269,7.45496382912456,9.02522817038521,7.86208830375684,7.63234820141449,0.683421586298016,1.06405506441044
1.6327893531209,6.59561107092653,7.58485730037228,8.77558394495652,8.11293986706347,9.10543189537401,9.51684250466957,8.9066320895885,1.99302577301145,2.16956909276835,6.75245424303138,7.954545307294,1.5501077030747,9.42272497404178,11.6939399065698,8.97258352883516,11.0603379151848,10.2197977468332
9.69858186753677,10.5138467747117,3.18295394498488,11.1559457431391,10.8689225146484,11.5845325346672,2.93891797350967,12.5200359851599,3.47190060508362,9.19484592750492,11.868970750133,11.7098816332361,10.6732482027949,11.5735345317105,12.8377050522262,9.0637669062183,13.3664755088437,11.6587453417363
8.49729300866279,10.1596947723855,7.76990394498066,2.10599648148485,9.07152403779209,8.15657864099587,4.9005287310401,8.48719288618834,9.3462566401755,6.96527636660887,7.44534598606403,0.411777656453549,0.853649199137677,9.16623841723483,0.753421406781762,7.89205095670212,7.95404505217133,9.04909434002899
15.7527491139893,13.8229690904533,15.895511382071,14.3714227323369,15.2922964659525,14.3179213115064,15.7541620065151,13.8228496241457,11.788979282754,15.2037685747678,13.6673666085938,6.43715781339112,6.28678506346395,12.6298438117024,13.3139883710418,6.25951919316235,14.0972091435503,15.6855783039582
8.31703584478603,1.20770391491961,8.63316155899748,8.49189824663997,7.78572669964691,8.44100247062559,9.01218115974388,7.78861707135487,7.80314471986022,0.688380732662216,0.382783438271127,8.11416553752072,10.0126605792554,6.34138360942012,0.961696664964178,9.12765899400893,7.57491211490587,8.23691937486251
7.63000380778793,10.0349005142816,5.94459962745988,8.01453327539138,8.98486691771138,7.51548696593458,7.5061712898236,9.55579952507024,1.89896597966847,9.49824159730466,9.63495763687296,2.01567703874385,1.9663160217582,9.80110628112155,1.93618826627049,2.56498743525768,1.91721748351117,5.86581243908263
9.42462401462514,8.4772928058685,8.77253892071453,8.75520138776938,8.85801519654426,9.32558879371073,9.53563308953091,1.00731751522805,9.70658937838943,7.79595521925016,8.42950717219078,1.24311456035443,7.90176594849155,7.74074000181846,2.07832632273016,7.1561017995924,0.35149603830426,8.79220463969037
5.49010926730879,3.27358715737522,8.32119840262081,10.4492783582612,11.1293704776807,9.12196530547724,7.6964785887845,8.90036310487127,8.45734337836464,10.0168620396085,8.35350471065595,1.74137594542663,3.36374453605799,10.4860328511682,10.3258457741903,10.3432075944908,0.59635079218434,6.5510840088272
3.46820532570331,12.9609491139354,9.60824838944756,14.2193008169143,13.914024132917,12.0492601569679,6.33122416631295,11.6093295251439,13.2852234604157,4.05128169115913,14.1430727332749,10.1603164353742,11.6118065556922,10.4480305879823,13.2044444443862,13.2157139622943,9.89283421009939,11.6807100004473
6.93703830492489,7.40251754408846,7.98948533071149,3.52139000681507,7.57448756813868,6.65111054619401,7.75152397502762,9.12225597899428,7.95890645858184,0.621629465422145,7.07961278066616,8.42433427845975,0.628407801730616,8.55333362152269,9.68573695738865,6.4741423473652,0.121301125779996,0.826589568559506
7.55086219637014,1.16055237019994,5.92652372393747,8.54876412245338,7.80058933123924,7.99855094195063,7.98719578448689,7.14669594803066,0.434430206237796,8.07910606000727,7.39209413126729,0.746993746947254,0.642483476226777,7.89358063728597,7.65886840219615,7.64382012194785,0.506725825655649,7.33787162047898
10.7194059346608,9.23949351536636,14.322913975268,12.1155118971724,12.8287791259612,12.6963416432442,13.0206171367171,8.50064671920209,9.25417356101893,11.7018089348806,9.7593572669538,4.48763426431353,4.11511649856798,10.8003417989475,4.69656699240169,6.57981221474136,7.91673936298973,13.4331028973682
6.57376381009515,8.88257199488135,8.00833175935541,0.486029541682528,8.56559552708071,5.92710657053751,7.67463330870634,7.94352999283997,8.52604492309489,0.623791027089787,9.05305920349334,7.73521752202334,7.49837106582857,8.96903965719898,0.791686566702337,5.98157184828959,0.541960811586987,8.03626566730009
0.222481865656238,8.74839806675047,6.98233353730201,7.53160044500302,8.21868875427965,8.73500403983704,7.30373004477333,1.0892689827685,2.86271350257417,1.49482775010631,1.22380001090311,7.10822501421196,8.49429396988413,7.48254419465551,9.86484970280126,8.10089557844823,8.83530913084238,7.78308141448967
8.89738293308409,6.84348896300441,6.83835581385241,10.4984086536692,8.56497637272197,0.659629414899827,8.28017640580138,8.6511349487888,1.902504682883,8.9695851031017,8.4303735149027,1.76176183725091,3.11793162193358,7.48648511301895,7.8856628219018,3.83541378724407,1.97901268135365,9.90129080143088
7.90944530492468,7.89635251855312,7.32492338155317,8.05853820848467,7.68738279453291,7.15536335485486,8.17056552603594,8.59243012664328,1.80756937304096,8.43528706274673,1.22394015907214,1.000282019314,0.708549597270205,7.86885972803131,8.75501556405079,0.867563617593161,6.4069109295242,8.97331001776908
8.49861806966756,8.52822501956307,9.25365351985602,1.41290614713307,8.70903360519984,8.41040698662432,8.46888832614293,6.66354387287664,7.36176207041989,8.7846125277759,8.89363979181172,1.0800777402868,0.670266587411518,8.54001176565975,7.18449850736367,7.80871968414107,0.956909375208048,9.08071342601204
7.24971079682242,8.15001632972763,7.46671683709267,9.72303117424897,8.88606843697593,6.115285076488,7.3089487471341,7.78432729955067,0.933194164424727,9.60008573213504,7.71939566645391,0.4274399046649,0.680719524636578,6.47808521329143,8.70628879383778,5.64652270982913,0.860842849609036,6.098581676666
8.17169182166582,7.94871238574669,7.80875249978443,7.66863408948125,9.06476645385081,7.05141560815311,0.405323665290825,6.34771171410096,8.63301700820135,8.69681872977152,7.68387578362681,0.865484159465101,0.679532795618486,7.92652135194403,0.495733020082333,6.75529039864037,7.52642098914789,8.44596215567362
1.44964060511718,10.4128556054882,10.0634490128053,9.61469144227539,10.0625453938553,8.67743424516421,10.3053207790073,9.86800453855419,10.0162372239389,8.74429566905504,10.1185518039239,1.81387352074514,1.8412566238348,10.1979783922748,8.62548237695518,9.67799089213022,9.71831538517164,10.534623878005
9.52441806107546,9.46808005350408,5.23470390750322,9.25224720312971,3.87985649651757,8.89418841704454,6.14942115552179,9.3667673787346,9.77202101459426,5.7417385380722,6.48013286733128,0.925078837334588,0.847682364749733,4.82344830894938,10.3341593380717,1.6790030445473,5.82883464946806,4.11261245506246
8.24827817859809,1.92780886564184,0.993743913733238,8.91924025602929,8.95482153665063,8.72222965450079,0.875798931981052,7.82622368546013,9.31576161524914,3.26343710199232,7.75299459381695,1.66742893555877,6.84096871801713,8.0572472299797,8.95121826202858,7.48772429208522,8.1658998829379,9.27934778466736
11.7850378197089,13.8430182809233,10.4007544221943,11.9126602303388,12.5777232616772,11.9632599074515,12.5108597195682,13.448470744018,7.82279565398834,11.7025723976668,12.4062670965822,4.02501851480964,3.87712267763348,12.5122270223395,12.4018220761932,5.28701026026041,11.2180968185608,10.8951483405189
5.7579886327674,7.27774043521197,0.328059772833928,8.39138649831955,6.6460805525679,6.58023534849792,7.80505793409777,7.46067131176419,7.74352186833602,7.27987559476182,0.249924642776109,8.79626627752344,8.62840800223674,4.22741763442025,0.808456720235512,7.92433544482351,0.560852859748105,8.45151667937747
7.39330464403444,6.78657022587434,9.62345538407136,9.534746421104,9.47288169689758,9.12029750231996,8.76968910451483,9.28416707626294,7.32945552151627,1.51012136787623,2.12462590829198,1.58440936159704,1.06625455259114,9.38160134995179,8.78687729416848,7.83757117028265,7.03164882785931,9.5151261938473
10.0379095258847,10.0585546564616,10.2238331633665,10.315002567471,10.1752586121078,8.72186495394717,10.6530372060291,10.2400361519623,7.7437984652067,8.4443071680584,8.95826764842767,1.93950117151082,1.47154646335446,10.8130866870156,9.63713407198473,1.81801774485475,7.32886390575694,9.40252247480021
10.003208679838,11.25206221253,10.4075758179234,12.0753420936345,11.9219450453313,10.4174728083326,10.986346934151,10.8084333198915,10.7529826892828,11.7568731802783,12.2635538375055,2.95838242386788,2.7126353962429,11.5986108546964,11.0625251571015,4.06777637204849,11.9096568643608,11.0312738784497
5.77026612662127,0.850827420816902,7.54073250676518,6.65056784066933,6.47563454623211,6.75910255751965,8.41460067977385,8.72907686906721,8.56547532146496,0.778237177648916,5.71353911117822,6.39133983750175,0.759426020804502,8.94675424994812,8.99535166270766,0.657493670555836,9.41953889151378,7.82094479188069
7.63585667043613,8.91922230144158,8.5102194205146,6.1369812104945,2.60737695273696,7.28955231547606,7.30836633641173,6.99715904026034,6.6440177625714,6.93212025853485,8.33110910666193,0.936027661823689,0.63146753029845,8.53769249746289,0.435663580982632,0.43380233607924,7.56133377459042,7.23633762557542
9.9293101967602,9.72176739147665,10.4728532728896,6.56968095572839,9.8876440688625,10.13793893062,9.28940568649014,9.67382139311247,6.92115065804719,8.38562948039864,9.33653333812398,1.91112014230782,1.76687498138819,8.40133607515936,9.92728611772466,8.0546802829774,0.543671074861867,8.7101210768699
9.81646371152698,10.1116286589832,6.69462950972053,1.58844480764187,9.7035074802587,7.78290650234822,8.73675816028319,8.10037324546208,7.73407369861259,8.41608814249969,9.89015624719476,1.20166465924374,1.05688174699751,8.16716800849991,10.2024200480268,5.25443803488311,10.1268335095626,5.40271194589707
10.0037427666811,11.5906525404213,9.76397750612951,10.8733210629148,10.6369327009093,10.5240127278279,10.0508689632907,10.202748284989,9.80330938706526,10.6496962850822,11.4720460003247,2.69905850900261,2.4279386515406,11.4488648255165,10.8946586337557,2.74996754743015,11.1065171398753,9.37426138299179
7.43929899338867,6.99882423175522,6.17174125269921,6.44416180985755,8.24653535310335,7.74364946718817,6.33962912895919,1.47256523300878,8.91796326934697,9.66528731779832,7.61000606474233,0.960921626368324,0.565540929147072,7.80318182232526,8.7431868129352,6.98302778840026,0.219922475307025,8.39526849232132
7.01782501931166,1.22331936420134,9.31691047077436,6.68073223752064,8.20056825501918,8.25176765494847,8.88610150330077,8.71077006286448,0.814367485925442,6.43401599476657,5.96924928249665,1.15536973066137,7.37143957398176,8.01144006520459,8.52577037179324,4.30598510832258,0.710959225950496,8.3670079871467
7.16242456323368,0.435529388690238,6.58848528505028,8.1222689230364,7.0359339678747,7.56719480069218,7.57816962411205,7.4999471113056,3.18561920496026,7.70006651125216,7.89831357542238,0.637417348503728,1.02373297741742,8.3702471215061,8.59389527761905,0.856659876723266,8.54819307228403,6.28470289718541
8.6535913969614,2.86320282533175,7.43611946602308,8.32750918967673,7.20611718784972,9.96312970864176,8.45090366961696,9.54835757293782,6.18296037476049,8.42135297602528,8.32390141551978,1.23729393726652,0.800791746788206,9.00122250970338,7.54491043210881,1.62414460774261,6.61490297566645,10.1888504751884
8.99863169051552,8.43514095205892,7.1830128067436,8.18572810534221,6.14218641611431,7.25059213871914,7.27495172512042,7.52861038612345,9.39838772554219,0.41782713672887,7.46746968419702,0.470778400307509,1.71479501111816,6.90543514419549,0.445325192696317,5.51449895327767,8.03288877508498,7.20867039366306
9.38365902396736,1.337584369135,9.22567575832351,9.23832339196165,8.83828974974851,9.72272830881703,1.06611606309423,7.18883574671838,9.84366756053146,1.15542284104671,7.53858587762029,9.87904936899172,9.78286896156391,7.39711198790387,7.95031972187968,6.90296108241684,9.0103641146591,8.98080049480784
6.02136312557781,8.95697680003691,8.43834973393353,0.524515876753329,5.38256962892198,8.06364556317714,0.524620681280395,6.74663141149532,7.84221499718342,1.09063328413047,6.6991745095366,9.14497833013503,9.40846148391368,6.99199704653869,1.4626302608117,7.89601042142525,6.54212625850896,7.51284716891673
7.90861899053892,7.05216066967561,7.86512804700419,7.20179572404096,8.53176119025943,8.32819290140687,7.40467713852248,8.09468923761482,7.46914945882609,7.26786253973216,0.941227281864952,1.0144338534393,6.96250622264378,7.65393125560888,0.975712497883138,4.4690739062884,0.48408346504558,2.07006605928734
6.97593965574128,8.82677726660172,7.82845387393049,8.49599089758419,6.90665012639538,7.42960618999341,2.85149120690025,6.49327745507197,8.27965231762791,1.01136682102973,0.201611279679242,0.563575011473967,0.679531894846398,7.37636127288434,7.35061216306813,5.78498288237733,7.58530365024584,6.38986103372941
8.86575801139059,7.67849943740765,8.78335842831486,10.0734935766672,8.99906983817053,8.80223199854532,8.7516277396692,9.09696809801911,1.23396043846702,2.75745014424327,6.89404771636457,1.08448816430368,4.52299292019753,8.17971008387062,7.96969157771518,2.44069559867353,5.59308480938683,9.99593529064836
0,9.80718745666405,0,9.22566054317229,6.24218518433248,7.78243477644509,6.44411873058418,6.06557015754423,8.69951346034166,8.41533615132244,9.03137589639472,9.90747506925275,5.7869465388375,7.41876340308256,8.92803863085959,8.4329093128286,10.1835361385041,10.1321526699261
8.42575007581411,8.32789185870951,6.80521207445351,7.71329593937264,8.17759394852931,6.57627874574196,8.62333975781042,7.74428374769679,6.44111396077315,9.44519679611748,0.701246247723297,2.54166326437943,0.60405993392621,8.10304054077025,5.83228777084706,0.313465867774896,8.59579296864988,6.83808191302602
7.67696036233003,7.46927168021211,0.239693760684814,6.02411020190404,1.39340851193542,6.39444736294649,1.24485053473611,9.20508120571099,7.97667180244103,7.64905364700686,6.88184938550056,6.54039930563062,0.204513364867483,8.59273351486535,7.4509744079889,5.67695769748846,8.8882460894816,7.64469460565302
7.17937171041247,9.16257008094247,5.22628887201558,7.57827455834104,7.48352733031874,7.00411931959544,0.541416707089222,8.74745118083259,7.66711065480843,0.503938923513723,8.49230160057015,0.691066888321174,0.629672754244346,7.46466826700344,6.93006545286245,5.91374416408832,5.38891666096603,5.90879129596754
10.9713704223133,12.440467575441,11.9487555793198,11.3045427869347,11.6642268380379,11.5094681763673,11.6704810629988,11.1069067149757,7.25378046486994,11.0616115774737,12.0774565302266,3.06917317312047,3.07857345946937,12.0706752572905,11.6269209996841,7.06979129059035,12.3735887312344,11.4523852087545
8.73481940988208,8.92853021878067,7.33559937400346,5.97990415631046,6.9515761390748,5.14391266116836,5.94965865398563,8.14869399455584,8.80723571767559,0.452590163611615,9.34445455125691,4.74102364686701,8.2566717205023,9.94992954834799,0.681059696305953,0.780406695477419,7.56001789104026,6.54539852791018
10.7753139752538,9.06904153909269,9.74302176458046,9.12589644061305,9.52803989917752,9.55450635478873,9.42731284413496,7.37832954087534,1.79822474778807,9.55284582163494,7.155354590605,1.71987559276972,1.54887060100236,7.89430242304853,7.67207169690516,6.7109854682753,6.2166624461884,10.8147266481002
9.07144485167226,8.0370616546095,8.03981630785897,7.81272372507471,6.98863412340086,8.14805486209712,7.3075718767818,9.10516368146635,1.15555496084056,9.81088213420363,8.60526633902706,3.96863454096952,0.871999734938727,9.82373547041727,8.74598717257048,8.82488970583961,1.42061713897869,8.16390199854385
6.83837258155009,9.76019303889803,7.8256994052918,7.6337680348036,8.18037515446799,8.31733527600172,0.976394432451943,8.70618758852433,8.54285893016367,1.10072742436906,8.18201190162073,1.68310802910861,0.675995635981584,7.06523440963149,7.3649925735523,6.77150105063078,7.36034742802868,7.49580706946823
8.94723672340053,6.42636425923767,9.57667283083969,9.29190908503706,9.63456394936087,9.38702048890903,9.20443865189485,8.36727847850382,1.26409380124896,8.0264532964567,8.28019847278234,1.17493565361501,7.04275376115381,8.2931349037018,8.25616390419867,7.66215564267926,0.698694467326205,8.94487098184727
0.85139125864868,8.26366356919512,9.32793656319154,5.18454214599215,7.46358976306591,9.70586561860433,6.13453721351363,8.46173726761659,5.24891807700127,5.95475931696837,7.18165916140838,1.12534031352813,1.13678855680278,9.1497699789281,9.1821932063392,8.93062499218144,7.66243339556135,9.57719087703251
8.17551961112884,6.2720735928986,2.82767881222968,6.45635441510829,6.65142774773559,7.13904990315609,4.04743369011381,8.7822480089892,10.4298042386819,1.58650535913278,0,0,7.47754781591381,8.8371453774144,6.80967167790706,5.09274445783078,6.31998455815167,5.12547753143706
7.69180631952324,9.38915591899834,8.34758150844614,8.54611889931534,8.58629187254875,8.45543819257806,7.19971160131018,6.19958990276423,9.41839447831801,0.251562773241713,7.56951387693042,8.47276393664704,8.14521889873443,7.60661988899519,9.02178229297043,8.1073635612138,0.51287412067818,1.39845982712238
7.19437412018236,1.55064903275001,8.33654800350315,1.19704129792037,5.86851347941939,4.67690657105623,7.26713499377643,7.88737994601487,10.2808750057206,6.41590043489633,3.00075361129505,8.12625137997352,7.05039841088941,1.26313839635338,3.52423008275829,9.06258558050847,8.95431531618467,9.72704458684175
6.2999545458406,11.7251459595245,9.71982773050388,6.49281216967531,7.85662666395539,6.79598053664236,5.78957308135613,7.79138522231749,6.80906414684418,4.27361390608721,2.64978765254555,3.34352636005491,2.77712067710165,7.45517348905284,11.72976870142,2.84486004529719,4.10131179974615,10.5666042985386
7.92762673483204,6.84215780778555,10.656998698636,11.3845388272354,11.0891721445571,9.50260141580973,10.754262240583,7.06746385435851,7.42131807292753,9.12173049263344,2.12071356421936,7.68939471494844,11.1770357244518,4.2937354528314,5.9686340111055,8.97548521712447,1.69768931891233,10.0439215757463
9.16968568457306,1.50467631958541,10.0263252568313,7.23139947815845,7.5671876651688,9.35515284989813,9.69220639824481,8.80722384983545,1.31967399938438,9.20028936002792,1.09983380982551,6.43605658897943,8.14625522749074,7.38996062545542,8.01949676943629,7.53213109687945,9.3048463965724,10.1833469376815
8.78723654643467,9.47960042108538,7.91804209823362,8.97893349481502,8.18220761039461,8.303730526906,8.36409962708563,6.11445656588971,8.95524886102458,0.331112540889727,7.57147082597892,0.66106183029709,0.760891138228658,6.97010128778915,5.70972348959203,7.48010352081757,4.90188008114732,6.79029766346193
10.533397874187,11.7844140079867,10.7187640312359,11.9521733745241,11.8355372705182,11.1146077837505,12.2236126007101,12.0145889252608,11.7247909399185,10.8772687937815,12.5752745078594,3.14389784924735,3.04375744435451,11.9316424334194,12.31050485949,7.50724758067909,13.0070570598513,11.284997560142
7.74245765633154,6.63814481139573,9.30413224813264,7.00986220056693,9.10379659657272,6.65641771235527,9.9824374882222,8.10907320377781,9.43449270800939,8.08309101060491,8.48388831318023,0.85857705326673,0.833592056152072,9.06590076648791,7.57335180236576,1.14795137101573,8.77384142217987,6.48247723819884
7.59723020892391,8.1350470024921,6.50716780365707,8.24675978680328,8.13024638459872,7.0690008066073,7.60666633630081,6.08001845560649,0.856127105474588,0.827668001085529,0.7612367571374,0.39405859766354,7.19893707002723,7.52331043475186,6.7701836523742,5.81634644473868,8.61410356400322,7.71044542554739
9.07511265305167,2.12931458791192,8.35713357381848,10.0000534209939,9.18517973432132,8.98534758072521,9.20966231220163,9.58102691939399,8.12387763608909,8.85426481570249,1.24773032152137,2.32558665673626,9.51508662960026,9.2414038109862,8.15764923297538,8.00403510953928,3.67029763730348,9.76270827681482
3.03089344783155,3.75160427746309,8.4752985306533,7.61324012304211,0.448958023666197,7.68607290783384,7.47119396485853,7.9932412844724,0.823326026150745,8.55453287402408,7.35908097868393,0.781909406754438,7.31838458584708,7.62967670548307,8.74299718416071,7.81127788823486,7.70943990916029,7.43827871070282
8.89782434169151,7.89248598806763,6.75454014487746,7.18458796513146,9.01771160817973,7.60643482512082,8.27351525097001,7.82449366285233,6.46892953204568,7.89821417625335,7.36381937308542,0.985504364922358,0.72157565065381,9.72815231853467,7.9798928185468,0.527145421780777,8.8188057698965,8.71392668461878
7.23796039726624,9.14942994572882,7.60139047580784,8.16276215191496,7.11579693315171,6.97577346743165,0.987531887853302,5.94943454783082,7.90413519567674,7.68916100748338,7.95635681469631,0.911114772003523,1.54896758672156,7.09616168585564,8.27125854106671,1.14574161701949,8.89642093089576,7.77228110366835
6.09675942280787,0.699649348705459,3.41495273845532,8.49568222883063,6.76437890751829,6.19316458003287,7.80025791954898,5.16504767054594,6.0416350608927,6.70788550238707,6.76226774815143,7.18690402083918,9.13176144126277,6.56508684189659,0.481420883395959,10.1929549778875,0.378175325139474,3.45355181894708
8.64463185467742,7.38084334052918,7.10600502713917,5.02247745368527,7.45694919625742,7.46971738073738,6.29582240840748,7.21082463872931,9.34692959489019,0.665788411833094,6.60388732679351,2.23767170226392,9.15673958705057,1.69765596203294,7.36121099677531,7.65483028024394,0.621184946072317,3.06117549674206
9.1184142371653,2.6640686318596,8.09548645128852,8.01900686078791,8.49872158169873,9.27316314531567,9.23309786361487,8.79015473737318,9.81096197713588,8.60383855019024,9.05719301195659,1.79753764976683,8.80882882865733,2.79063443321789,1.0594757279322,7.9181778241465,7.83059126138285,8.07142796271903
10.060947474977,1.17984859505111,9.59490119343389,7.27752918532258,8.61202806232754,7.825028726242,7.29547508593654,6.24396225091906,1.04379243379339,8.74304176532531,6.6403996831803,0.892394134747852,7.78657638748288,9.30410865010317,6.77577486863729,7.01538159820076,5.42792256562266,8.94369574134514
12.6587381131525,10.4824248002497,12.8085861618166,13.6633023634108,11.3618834774697,11.6170036345372,11.27527482664,13.0185879292494,12.4466827090663,10.1835733554176,14.2011820293871,4.38668680867111,4.11768673219051,12.4731679360462,11.6795328800658,8.63438997583652,14.0374954772455,12.1633949493047
5.00073153139494,7.24245293193058,0.826973479508063,8.2528079778684,7.55043936240791,8.15090015426022,4.04145414844905,8.11211922681828,8.14885540068141,2.56097828341697,6.84730181597634,1.64908610554831,2.08670327455472,9.05556096807568,8.98962477334768,1.91837707444875,8.09682034222645,5.20926346327026
7.2422962627392,8.96570499484921,8.01047788272096,6.57689932977974,7.28870651318877,5.49532017945317,8.70722386099932,1.44529653179251,7.96979466643044,6.94325396091839,7.91453207923286,0.977499745996287,1.16444325946587,7.8683658872703,8.72319958703978,6.80686921885171,1.44882009454189,8.57473097888105
8.05837061728876,7.95048701929043,6.98974076186903,8.19028752546671,3.97040274168143,6.35737957466291,6.00015124962954,7.56641181262792,9.17845953305079,6.61233038040485,7.57862931539696,0.586041233216066,0.79480593914649,7.28988056282552,0.500006567262201,5.29340359341114,2.5031255708975,8.46345489336671
8.01704067265805,0.496672998869576,8.18714221138605,7.57574037815894,8.87383070913609,8.28708845563505,8.49422934093889,5.22525499085945,8.04000432689809,7.54546582104247,0.748042962564341,8.50988819900322,0.77145883253919,5.84008964078689,3.53421104513391,6.09767549313825,7.06539114049216,7.78671622082472
7.00777072640781,6.88947839774663,7.63382969110531,8.32744824531902,8.8473720542493,6.89193462370108,1.57812429620402,7.62623713064764,8.4357995272576,7.9150267839194,7.45149833618746,0.961682590537418,3.87626574301774,8.26404140485134,1.6291033830168,5.78124954364169,0.915035812096673,8.57074369338823
6.93281981865616,7.73017569885143,6.52407844250806,0.902675151310534,7.15962817677387,7.85053102393531,6.98144496586009,7.67465874652506,1.19815591358587,8.44632311015931,7.29857309287543,1.03634085655634,6.93189801536898,8.22937778517234,8.18138315806878,6.78202848372325,0.380106583948623,7.46637823204833
2.17096112552522,7.73047013718422,7.25020431985078,6.44956137461324,7.20386674151357,7.23084041260848,8.28269865694987,6.94600160964175,7.98077365273202,7.49715630227954,0.926784334823258,4.41770401933325,0.769493327244345,8.16089044761314,8.72601851876786,7.8957899212597,0.383711480014675,7.2035731388369
9.0945448689816,7.16918342593071,8.05200064220551,8.51914356895646,9.07101479219843,7.70773183767701,7.57246301011268,7.46766879905539,7.48566108507945,6.99271635642222,6.6295781077701,0.970885820192762,0.684787908872576,8.91021098153796,8.83672576966425,0.7443652117122,7.44876657574584,8.84712752108148
5.56925638580626,3.24544546273066,8.2058532158897,8.69237034649347,7.33584973748617,6.22483834906694,8.81863521911416,7.19243354559049,7.56504661685917,9.92400156869435,7.14144999885626,0.626698121016605,1.54872834019852,8.32622891160316,2.33150375818574,10.2108826775659,8.30691078348484,8.21573844721635
8.67053233133924,7.39829905962317,6.51828176387433,8.48913345887277,6.78316850566161,8.29725103841222,7.534528559509,1.32886518000747,7.69278983497265,7.74872956650074,8.465668430554,0.391423499361131,8.25349238943286,3.00610768692163,8.39343336223473,1.12588910687461,8.28834526759424,8.0879243767899
7.83903367865316,5.92945016335684,11.3687519825091,5.28216918163525,8.30740575520447,6.10701197072918,11.1228862189931,2.46217275654934,9.45690263773154,4.37979907011638,10.1663263026167,6.85831675576129,7.72354490986473,9.90012112225853,9.49178897512515,5.98801430263613,1.17657171181047,8.25063003382341
5.99115194720495,7.17218430527115,6.76273222973719,8.20726768497617,5.55376293331266,6.55881836777116,7.42402645612234,8.13425539437385,8.61165877964908,0.732518680583962,6.43849310478032,1.25449366763161,1.08294710473648,6.76114190905827,7.15099910971126,1.25732688989693,9.06697126603755,8.53569237965291
8.66813497784536,9.18861090999543,7.27753402061313,8.36369543090848,9.15662414350722,8.91209582733638,8.72330755602395,6.32602133995574,10.0970149930921,1.8345134231957,6.50521450788078,1.83251334566046,6.94957345105973,8.03464998183774,8.42750519065093,5.42499294509576,0.495015605788798,8.6127360138475
8.52779479403832,9.26101807777373,8.90451292140798,9.08832466329044,8.43968101456214,9.53801248247257,8.36204093531662,8.42945218726126,8.50116961905649,8.6445095884141,7.78564746353749,2.03319261007396,1.15339866570707,8.42022269497394,8.93706914085669,6.86369862950761,1.04592658396246,8.97846422195307
5.27922612066068,6.69788499707159,8.31029597194135,6.51356812098361,6.75413924405858,7.72686526815635,8.55022127938834,0.625911025345956,6.7595486856227,6.42424860618666,0.382077992755429,8.13820523240567,6.46011100080042,6.46354905826693,8.68433135301343,8.00884560432132,0.368397362573412,8.93840636434201
4.89364737212764,6.66529759252382,9.02276921482142,0.798489375790534,8.42029080145148,7.33092569555301,6.72373809539136,7.46599053969296,5.38399152433119,7.79518327994831,1.85746710518731,0.592296762139283,7.21251233804206,7.62314887573464,0.755523430200548,5.39456627339478,6.64061959777587,8.20197195320125
9.61764377371087,5.00334137671281,9.66585107342735,8.30043950840047,9.0826493727916,10.134939643493,9.55370608202799,8.22141795112421,7.99004721957379,8.21319172671244,9.84939571753486,0,5.80327612443536,8.71672002081161,2.1471471142049,9.5075052794844,8.69679369708282,9.26782369037345
6.98006186999174,7.48348327431133,6.73165844875181,0.288726498489746,6.74092499756338,8.17378905012332,7.75126218718739,7.18834800555958,8.80300644276382,7.47078225530332,7.40485212908421,0.981706550191647,7.14958099681456,7.47682152584058,0.414417006995858,3.13429060808954,8.57213137232853,6.46684797707101
11.4151290736944,11.5884429336603,10.1586096882145,10.067783899687,9.70509840499854,10.5627766567918,11.8781237355605,10.9413117582576,11.0760138770853,10.3825267629565,12.065692125526,2.81535613894541,2.41374841652871,11.7062456183778,11.1530706308417,8.14159627838382,10.2082465535126,11.0695974531718
8.89903360215309,7.03932486159821,6.98713892570064,6.2608856704968,8.01526450244055,7.12844807325359,8.62294132917874,8.37576059859058,8.0524811061103,7.2102232473898,7.78908364956485,0.488409090893622,0.638856040910431,8.23830919344333,7.02439725565936,5.86213395357722,0.555600225359697,7.70389665402739
8.52515772104507,6.78120519261104,9.17277428885197,9.07956051666187,8.7652561487103,6.94174427667633,9.89119317081892,9.33666463616037,9.10915442646839,8.45937694683677,2.88355610859357,1.25277241307172,1.68158091225876,7.97752203263894,5.63624546816762,4.30216784887793,7.71128248582998,9.93816844462125
9.34220273740008,8.4080795245396,7.70481858153949,6.16203712252953,7.1852027826481,6.49900553156749,5.56136353238454,8.64911043675683,1.72733106131278,6.17737827482596,8.86393845042397,1.95724972881899,1.82451126070723,9.21027053543397,6.79917021719962,0.87306508612287,7.88851641749234,7.78378016366476
